text,answer,prediction
$BBRY Actually lost .03c per share if U incl VZ as no debt and 3.1 in Cash.,negative,"[Error] Cannot use chat template functions because tokenizer.chat_template is not set and no template argument was passed! For information about writing templates and setting the tokenizer.chat_template attribute, please see the documentation at https://huggingface.co/docs/transformers/main/en/chat_templating"
Legal & General share price: Finance chief to step down,negative,"[Error] Cannot use chat template functions because tokenizer.chat_template is not set and no template argument was passed! For information about writing templates and setting the tokenizer.chat_template attribute, please see the documentation at https://huggingface.co/docs/transformers/main/en/chat_templating"
Kingfisher share price slides on cost to implement new strategy,negative,"[Error] Cannot use chat template functions because tokenizer.chat_template is not set and no template argument was passed! For information about writing templates and setting the tokenizer.chat_template attribute, please see the documentation at https://huggingface.co/docs/transformers/main/en/chat_templating"
EasyJet Dismisses Lufthansa Low-Cost Plan in Contest for Germany,negative,"[Error] Cannot use chat template functions because tokenizer.chat_template is not set and no template argument was passed! For information about writing templates and setting the tokenizer.chat_template attribute, please see the documentation at https://huggingface.co/docs/transformers/main/en/chat_templating"
Tesco share price tumbles after negative broker note,negative,"[Error] Cannot use chat template functions because tokenizer.chat_template is not set and no template argument was passed! For information about writing templates and setting the tokenizer.chat_template attribute, please see the documentation at https://huggingface.co/docs/transformers/main/en/chat_templating"
$KIOR My god. Market getting crushed today. Gotta hold if anything g should recover some tomorrow I imagine.,negative,"[Error] Cannot use chat template functions because tokenizer.chat_template is not set and no template argument was passed! For information about writing templates and setting the tokenizer.chat_template attribute, please see the documentation at https://huggingface.co/docs/transformers/main/en/chat_templating"
City spirits sink after Diageo comes up short with sales slide,negative,"[Error] Cannot use chat template functions because tokenizer.chat_template is not set and no template argument was passed! For information about writing templates and setting the tokenizer.chat_template attribute, please see the documentation at https://huggingface.co/docs/transformers/main/en/chat_templating"
$renn topping tail 5 min. chart at 7.31 short from here.,negative,"[Error] Cannot use chat template functions because tokenizer.chat_template is not set and no template argument was passed! For information about writing templates and setting the tokenizer.chat_template attribute, please see the documentation at https://huggingface.co/docs/transformers/main/en/chat_templating"
"Tesla to recall 2,700 Model X SUVs over seat issue https://t.co/OdPraN59Xq $TSLA https://t.co/xvn4blIwpy https://t.co/ThfvWTnRPs",negative,"[Error] Cannot use chat template functions because tokenizer.chat_template is not set and no template argument was passed! For information about writing templates and setting the tokenizer.chat_template attribute, please see the documentation at https://huggingface.co/docs/transformers/main/en/chat_templating"
$GLD http://stks.co/44ow On closer inspection.  Resistance 10 points north at 200d and downward trendline. Chart 2 of 2.,negative,"[Error] Cannot use chat template functions because tokenizer.chat_template is not set and no template argument was passed! For information about writing templates and setting the tokenizer.chat_template attribute, please see the documentation at https://huggingface.co/docs/transformers/main/en/chat_templating"
"Fastenal misses by $0.01, misses on revenue $FAST #NYSE https://t.co/63JHQ7pwMN",negative,"[Error] Cannot use chat template functions because tokenizer.chat_template is not set and no template argument was passed! For information about writing templates and setting the tokenizer.chat_template attribute, please see the documentation at https://huggingface.co/docs/transformers/main/en/chat_templating"
"Oil majors like Royal Dutch Shell, Chevron, BP fail to find reserves to counter ...",negative,"[Error] Cannot use chat template functions because tokenizer.chat_template is not set and no template argument was passed! For information about writing templates and setting the tokenizer.chat_template attribute, please see the documentation at https://huggingface.co/docs/transformers/main/en/chat_templating"
$COST Costco less than stellar day but it held the 50 day moving average,negative,"[Error] Cannot use chat template functions because tokenizer.chat_template is not set and no template argument was passed! For information about writing templates and setting the tokenizer.chat_template attribute, please see the documentation at https://huggingface.co/docs/transformers/main/en/chat_templating"
"Tesco set to sell Kipa, Giraffe businesses - Sky News",negative,"[Error] Cannot use chat template functions because tokenizer.chat_template is not set and no template argument was passed! For information about writing templates and setting the tokenizer.chat_template attribute, please see the documentation at https://huggingface.co/docs/transformers/main/en/chat_templating"
Multi Top on $MCD chart finally leads to a fall in price.  Stability is questioned in the stock but coming weeks will tell.,negative,"[Error] Cannot use chat template functions because tokenizer.chat_template is not set and no template argument was passed! For information about writing templates and setting the tokenizer.chat_template attribute, please see the documentation at https://huggingface.co/docs/transformers/main/en/chat_templating"
$NQ got hit hard lower this AM --> looks like it has found support a 18.89 http://stks.co/s052z,negative,"[Error] Cannot use chat template functions because tokenizer.chat_template is not set and no template argument was passed! For information about writing templates and setting the tokenizer.chat_template attribute, please see the documentation at https://huggingface.co/docs/transformers/main/en/chat_templating"
#Tesla: Model X Recall Adds To Reliability Issues $TSLA https://t.co/jVXQ4DoXnP,negative,"[Error] Cannot use chat template functions because tokenizer.chat_template is not set and no template argument was passed! For information about writing templates and setting the tokenizer.chat_template attribute, please see the documentation at https://huggingface.co/docs/transformers/main/en/chat_templating"
$TWTR sad the only thing to move this is a takeover rumor only to be sold off next day !,negative,"[Error] Cannot use chat template functions because tokenizer.chat_template is not set and no template argument was passed! For information about writing templates and setting the tokenizer.chat_template attribute, please see the documentation at https://huggingface.co/docs/transformers/main/en/chat_templating"
Timberrrr $TSLA https://t.co/MRBgfDHHVa,negative,"[Error] Cannot use chat template functions because tokenizer.chat_template is not set and no template argument was passed! For information about writing templates and setting the tokenizer.chat_template attribute, please see the documentation at https://huggingface.co/docs/transformers/main/en/chat_templating"
Here come the shorts marchin' in.  $GMCR.  Lovin' it!,negative,"[Error] Cannot use chat template functions because tokenizer.chat_template is not set and no template argument was passed! For information about writing templates and setting the tokenizer.chat_template attribute, please see the documentation at https://huggingface.co/docs/transformers/main/en/chat_templating"
"Sainsbury's, Asda, Tesco and Morrisons will all cut petrol prices as oil falls ...",negative,"[Error] Cannot use chat template functions because tokenizer.chat_template is not set and no template argument was passed! For information about writing templates and setting the tokenizer.chat_template attribute, please see the documentation at https://huggingface.co/docs/transformers/main/en/chat_templating"
$LNKD Daily Phase 2 retest - Price experiencing early rejection. Can it retest? http://stks.co/t04xX,negative,"[Error] Cannot use chat template functions because tokenizer.chat_template is not set and no template argument was passed! For information about writing templates and setting the tokenizer.chat_template attribute, please see the documentation at https://huggingface.co/docs/transformers/main/en/chat_templating"
"U.K. Stocks Little Changed Near Record as Barclays, Shell Fall",negative,"[Error] Cannot use chat template functions because tokenizer.chat_template is not set and no template argument was passed! For information about writing templates and setting the tokenizer.chat_template attribute, please see the documentation at https://huggingface.co/docs/transformers/main/en/chat_templating"
Tesco share price dips as Blinkbox Books closes ending supermarket's digital ...,negative,"[Error] Cannot use chat template functions because tokenizer.chat_template is not set and no template argument was passed! For information about writing templates and setting the tokenizer.chat_template attribute, please see the documentation at https://huggingface.co/docs/transformers/main/en/chat_templating"
"Tesla Motors recalls 2,700 Model X SUVs https://t.co/BFWS3DbM0U $TSLA",negative,"[Error] Cannot use chat template functions because tokenizer.chat_template is not set and no template argument was passed! For information about writing templates and setting the tokenizer.chat_template attribute, please see the documentation at https://huggingface.co/docs/transformers/main/en/chat_templating"
@1nvestor: $SODA has a 42.71% Float Short. LoL  http://stks.co/e0DfP,negative,"[Error] Cannot use chat template functions because tokenizer.chat_template is not set and no template argument was passed! For information about writing templates and setting the tokenizer.chat_template attribute, please see the documentation at https://huggingface.co/docs/transformers/main/en/chat_templating"
"$RXII Tang really is toxic, they keep bringing the share price down. At least they could let it climb a little before dragging it down.",negative,"[Error] Cannot use chat template functions because tokenizer.chat_template is not set and no template argument was passed! For information about writing templates and setting the tokenizer.chat_template attribute, please see the documentation at https://huggingface.co/docs/transformers/main/en/chat_templating"
$AMRN You can many times find top and bottoms when shorts start rejoicing or bulls start rejoicing. Currently it is the shorts rejoicing,negative,"[Error] Cannot use chat template functions because tokenizer.chat_template is not set and no template argument was passed! For information about writing templates and setting the tokenizer.chat_template attribute, please see the documentation at https://huggingface.co/docs/transformers/main/en/chat_templating"
@Joerazorback This time I think $AAPL will miss again. Generally speaking market is near top when everyone thinks that market goes only up,negative,"[Error] Cannot use chat template functions because tokenizer.chat_template is not set and no template argument was passed! For information about writing templates and setting the tokenizer.chat_template attribute, please see the documentation at https://huggingface.co/docs/transformers/main/en/chat_templating"
$EBAY  e-bay bay!  working on a couple daily dojis .. should continue to the downside  https://t.co/lgU0yBxEZe,negative,"[Error] Cannot use chat template functions because tokenizer.chat_template is not set and no template argument was passed! For information about writing templates and setting the tokenizer.chat_template attribute, please see the documentation at https://huggingface.co/docs/transformers/main/en/chat_templating"
Is Trouble Brewing At Legal & General Group Plc And Aviva plc?,negative,"[Error] Cannot use chat template functions because tokenizer.chat_template is not set and no template argument was passed! For information about writing templates and setting the tokenizer.chat_template attribute, please see the documentation at https://huggingface.co/docs/transformers/main/en/chat_templating"
"@Dlerch LOL! $FMCN back under $17, darn those shorts! No chit Sherlock!",negative,"[Error] Cannot use chat template functions because tokenizer.chat_template is not set and no template argument was passed! For information about writing templates and setting the tokenizer.chat_template attribute, please see the documentation at https://huggingface.co/docs/transformers/main/en/chat_templating"
"Saudi Aramco, Shell plan to break up Motiva, divide up assets",negative,"[Error] Cannot use chat template functions because tokenizer.chat_template is not set and no template argument was passed! For information about writing templates and setting the tokenizer.chat_template attribute, please see the documentation at https://huggingface.co/docs/transformers/main/en/chat_templating"
"Tesla: Voluntary recall of 2,700 Model X vehicles, due to back seat issue. $TSLA https://t.co/NPAkc3U6GS",negative,"[Error] Cannot use chat template functions because tokenizer.chat_template is not set and no template argument was passed! For information about writing templates and setting the tokenizer.chat_template attribute, please see the documentation at https://huggingface.co/docs/transformers/main/en/chat_templating"
"$QIHU totally missed this one, was about to jump in on that 60 break test but didn't, congrats shorts",negative,"[Error] Cannot use chat template functions because tokenizer.chat_template is not set and no template argument was passed! For information about writing templates and setting the tokenizer.chat_template attribute, please see the documentation at https://huggingface.co/docs/transformers/main/en/chat_templating"
"RT @Cash_Cow $TLT still has a rising RSI & MACD, all this bond buying is signaling some bad moves for the market. $SPY $UUP",negative,"[Error] Cannot use chat template functions because tokenizer.chat_template is not set and no template argument was passed! For information about writing templates and setting the tokenizer.chat_template attribute, please see the documentation at https://huggingface.co/docs/transformers/main/en/chat_templating"
New Credit Suisse boss faces stiff challenge in Asia,negative,"[Error] Cannot use chat template functions because tokenizer.chat_template is not set and no template argument was passed! For information about writing templates and setting the tokenizer.chat_template attribute, please see the documentation at https://huggingface.co/docs/transformers/main/en/chat_templating"
Shell share price: Standard Life announce position against BG acquisition,negative,"[Error] Cannot use chat template functions because tokenizer.chat_template is not set and no template argument was passed! For information about writing templates and setting the tokenizer.chat_template attribute, please see the documentation at https://huggingface.co/docs/transformers/main/en/chat_templating"
Industry NewsMorrisons unveils which stores will close as 900 jobs face the axe,negative,"[Error] Cannot use chat template functions because tokenizer.chat_template is not set and no template argument was passed! For information about writing templates and setting the tokenizer.chat_template attribute, please see the documentation at https://huggingface.co/docs/transformers/main/en/chat_templating"
@chessNwine: $IWM 30-Minute Chart. Small caps threatening descending triangle breakdown under $110.20.  http://stks.co/r0KKm,negative,"[Error] Cannot use chat template functions because tokenizer.chat_template is not set and no template argument was passed! For information about writing templates and setting the tokenizer.chat_template attribute, please see the documentation at https://huggingface.co/docs/transformers/main/en/chat_templating"
"Royal Mail, Johnson Matthey lead FTSE lower",negative,"[Error] Cannot use chat template functions because tokenizer.chat_template is not set and no template argument was passed! For information about writing templates and setting the tokenizer.chat_template attribute, please see the documentation at https://huggingface.co/docs/transformers/main/en/chat_templating"
Supreme Court Upholds $236 Million Jury Award Against ExxonMobil,negative,"[Error] Cannot use chat template functions because tokenizer.chat_template is not set and no template argument was passed! For information about writing templates and setting the tokenizer.chat_template attribute, please see the documentation at https://huggingface.co/docs/transformers/main/en/chat_templating"
"Glencore Cuts 2015 Budget, Plans To Divest From Lonmin",negative,"[Error] Cannot use chat template functions because tokenizer.chat_template is not set and no template argument was passed! For information about writing templates and setting the tokenizer.chat_template attribute, please see the documentation at https://huggingface.co/docs/transformers/main/en/chat_templating"
"Tesco, Asda sales fall as march of the discounters continues: Kantar",negative,"[Error] Cannot use chat template functions because tokenizer.chat_template is not set and no template argument was passed! For information about writing templates and setting the tokenizer.chat_template attribute, please see the documentation at https://huggingface.co/docs/transformers/main/en/chat_templating"
$mcp rolling over for a new intraday low. Bottom Pickers continue to get destroyed,negative,"[Error] Cannot use chat template functions because tokenizer.chat_template is not set and no template argument was passed! For information about writing templates and setting the tokenizer.chat_template attribute, please see the documentation at https://huggingface.co/docs/transformers/main/en/chat_templating"
3rd red day in a row ? $TSLA,negative,"[Error] Cannot use chat template functions because tokenizer.chat_template is not set and no template argument was passed! For information about writing templates and setting the tokenizer.chat_template attribute, please see the documentation at https://huggingface.co/docs/transformers/main/en/chat_templating"
"UPDATE 1-Nomura, RBS must pay $806 mln in mortgage bond case-US judge",negative,"[Error] Cannot use chat template functions because tokenizer.chat_template is not set and no template argument was passed! For information about writing templates and setting the tokenizer.chat_template attribute, please see the documentation at https://huggingface.co/docs/transformers/main/en/chat_templating"
HSBC Says Unit to Book $585 Million Charge on Settlement,negative,"[Error] Cannot use chat template functions because tokenizer.chat_template is not set and no template argument was passed! For information about writing templates and setting the tokenizer.chat_template attribute, please see the documentation at https://huggingface.co/docs/transformers/main/en/chat_templating"
US dollar wipes out sales gains for SABMiller,negative,"[Error] Cannot use chat template functions because tokenizer.chat_template is not set and no template argument was passed! For information about writing templates and setting the tokenizer.chat_template attribute, please see the documentation at https://huggingface.co/docs/transformers/main/en/chat_templating"
UPDATE 3-Ex-Barclays director accused by US of illegal tips to plumber,negative,"[Error] Cannot use chat template functions because tokenizer.chat_template is not set and no template argument was passed! For information about writing templates and setting the tokenizer.chat_template attribute, please see the documentation at https://huggingface.co/docs/transformers/main/en/chat_templating"
$INTC finally some nice downside move... looking for the 31 handle to break,negative,"[Error] Cannot use chat template functions because tokenizer.chat_template is not set and no template argument was passed! For information about writing templates and setting the tokenizer.chat_template attribute, please see the documentation at https://huggingface.co/docs/transformers/main/en/chat_templating"
@gakrum nice chart shows distinctive down channel not a dip.. where do you see the bottom? $SPY ..$150? ..$130?,negative,"[Error] Cannot use chat template functions because tokenizer.chat_template is not set and no template argument was passed! For information about writing templates and setting the tokenizer.chat_template attribute, please see the documentation at https://huggingface.co/docs/transformers/main/en/chat_templating"
"FTSE led lower by M&S, GlaxoSmithKline",negative,"[Error] Cannot use chat template functions because tokenizer.chat_template is not set and no template argument was passed! For information about writing templates and setting the tokenizer.chat_template attribute, please see the documentation at https://huggingface.co/docs/transformers/main/en/chat_templating"
$MPWR CEO sells 450k april 15th..meh,negative,"[Error] Cannot use chat template functions because tokenizer.chat_template is not set and no template argument was passed! For information about writing templates and setting the tokenizer.chat_template attribute, please see the documentation at https://huggingface.co/docs/transformers/main/en/chat_templating"
"$SLV POS, been saying it for 2 years. Going lower. Forget about it or go short.",negative,"[Error] Cannot use chat template functions because tokenizer.chat_template is not set and no template argument was passed! For information about writing templates and setting the tokenizer.chat_template attribute, please see the documentation at https://huggingface.co/docs/transformers/main/en/chat_templating"
$FB $AAPL $NKE $JWN bearish charts keep getting worse.,negative,"[Error] Cannot use chat template functions because tokenizer.chat_template is not set and no template argument was passed! For information about writing templates and setting the tokenizer.chat_template attribute, please see the documentation at https://huggingface.co/docs/transformers/main/en/chat_templating"
$GRPN might be selling off ahead of $P earnings...,negative,"[Error] Cannot use chat template functions because tokenizer.chat_template is not set and no template argument was passed! For information about writing templates and setting the tokenizer.chat_template attribute, please see the documentation at https://huggingface.co/docs/transformers/main/en/chat_templating"
Standard Chartered Shifts Emerging-Markets Strategy After Losses,negative,"[Error] Cannot use chat template functions because tokenizer.chat_template is not set and no template argument was passed! For information about writing templates and setting the tokenizer.chat_template attribute, please see the documentation at https://huggingface.co/docs/transformers/main/en/chat_templating"
Tesco share price dips as Blinkbox Books closes ending supermarket's digital ...,negative,"[Error] Cannot use chat template functions because tokenizer.chat_template is not set and no template argument was passed! For information about writing templates and setting the tokenizer.chat_template attribute, please see the documentation at https://huggingface.co/docs/transformers/main/en/chat_templating"
Diageo receives reports from United Spirits on financial irregularities involving ...,negative,"[Error] Cannot use chat template functions because tokenizer.chat_template is not set and no template argument was passed! For information about writing templates and setting the tokenizer.chat_template attribute, please see the documentation at https://huggingface.co/docs/transformers/main/en/chat_templating"
Starbucks downgraded on same day as new downgraded rewards program starts  $SBUX,negative,"[Error] Cannot use chat template functions because tokenizer.chat_template is not set and no template argument was passed! For information about writing templates and setting the tokenizer.chat_template attribute, please see the documentation at https://huggingface.co/docs/transformers/main/en/chat_templating"
"Royal Mail 'breached competition law' over delivery service changes, Ofcom claims",negative,"[Error] Cannot use chat template functions because tokenizer.chat_template is not set and no template argument was passed! For information about writing templates and setting the tokenizer.chat_template attribute, please see the documentation at https://huggingface.co/docs/transformers/main/en/chat_templating"
Diageo receives reports from United Spirits on financial irregularities involving ...,negative,"[Error] Cannot use chat template functions because tokenizer.chat_template is not set and no template argument was passed! For information about writing templates and setting the tokenizer.chat_template attribute, please see the documentation at https://huggingface.co/docs/transformers/main/en/chat_templating"
"Berkshire discloses unit's ties to Iran, opens probe",negative,"[Error] Cannot use chat template functions because tokenizer.chat_template is not set and no template argument was passed! For information about writing templates and setting the tokenizer.chat_template attribute, please see the documentation at https://huggingface.co/docs/transformers/main/en/chat_templating"
$SBUX heading for the 200DMA and certain doom if it can not hold there.,negative,"[Error] Cannot use chat template functions because tokenizer.chat_template is not set and no template argument was passed! For information about writing templates and setting the tokenizer.chat_template attribute, please see the documentation at https://huggingface.co/docs/transformers/main/en/chat_templating"
"FDA panel backs safety updates for AstraZeneca, Takeda drugs",negative,"[Error] Cannot use chat template functions because tokenizer.chat_template is not set and no template argument was passed! For information about writing templates and setting the tokenizer.chat_template attribute, please see the documentation at https://huggingface.co/docs/transformers/main/en/chat_templating"
for @vnoto74 to follow:  after a SELL signal by $NDX internals [06/23] ~> technical SELL $QQQ [06/25] ~> DOWN,negative,"[Error] Cannot use chat template functions because tokenizer.chat_template is not set and no template argument was passed! For information about writing templates and setting the tokenizer.chat_template attribute, please see the documentation at https://huggingface.co/docs/transformers/main/en/chat_templating"
$SPY $MITK fast 56pc dive http://stks.co/3ffN $$,negative,"[Error] Cannot use chat template functions because tokenizer.chat_template is not set and no template argument was passed! For information about writing templates and setting the tokenizer.chat_template attribute, please see the documentation at https://huggingface.co/docs/transformers/main/en/chat_templating"
Glencore slumps 25 pct as debt fears grow,negative,"[Error] Cannot use chat template functions because tokenizer.chat_template is not set and no template argument was passed! For information about writing templates and setting the tokenizer.chat_template attribute, please see the documentation at https://huggingface.co/docs/transformers/main/en/chat_templating"
Doubts grow over GlaxoSmithKline's $6 bln capital return plan,negative,"[Error] Cannot use chat template functions because tokenizer.chat_template is not set and no template argument was passed! For information about writing templates and setting the tokenizer.chat_template attribute, please see the documentation at https://huggingface.co/docs/transformers/main/en/chat_templating"
$SPY bull move ended waiting for next setup,negative,"[Error] Cannot use chat template functions because tokenizer.chat_template is not set and no template argument was passed! For information about writing templates and setting the tokenizer.chat_template attribute, please see the documentation at https://huggingface.co/docs/transformers/main/en/chat_templating"
$SAP Q1 disappoints as #software licenses down. Real problem? #Cloud growth trails $MSFT $ORCL $GOOG $CRM $ADBE https://t.co/jNDphllzq5,negative,"[Error] Cannot use chat template functions because tokenizer.chat_template is not set and no template argument was passed! For information about writing templates and setting the tokenizer.chat_template attribute, please see the documentation at https://huggingface.co/docs/transformers/main/en/chat_templating"
AstraZeneca diabetes drug combination faces delay after FDA rebuff,negative,"[Error] Cannot use chat template functions because tokenizer.chat_template is not set and no template argument was passed! For information about writing templates and setting the tokenizer.chat_template attribute, please see the documentation at https://huggingface.co/docs/transformers/main/en/chat_templating"
$GOOGL Hit With Lawsuit from Russian Search Engine $YNDX http://stks.co/b1kD8,negative,"[Error] Cannot use chat template functions because tokenizer.chat_template is not set and no template argument was passed! For information about writing templates and setting the tokenizer.chat_template attribute, please see the documentation at https://huggingface.co/docs/transformers/main/en/chat_templating"
Deutsche Bank downgrades Starbucks because of new loyalty program https://t.co/Iy4LCUGABc $SBUX,negative,"[Error] Cannot use chat template functions because tokenizer.chat_template is not set and no template argument was passed! For information about writing templates and setting the tokenizer.chat_template attribute, please see the documentation at https://huggingface.co/docs/transformers/main/en/chat_templating"
$AAPL Beat the estimates. Will still go down on lack of new products. https://t.co/sX3z7u6N8o,negative,"[Error] Cannot use chat template functions because tokenizer.chat_template is not set and no template argument was passed! For information about writing templates and setting the tokenizer.chat_template attribute, please see the documentation at https://huggingface.co/docs/transformers/main/en/chat_templating"
Relief for Lewis as Tesco sees sales grow for first time in a year,positive,"[Error] Cannot use chat template functions because tokenizer.chat_template is not set and no template argument was passed! For information about writing templates and setting the tokenizer.chat_template attribute, please see the documentation at https://huggingface.co/docs/transformers/main/en/chat_templating"
AstraZeneca And Daiichi Sankyo To Jointly Commercialise MOVANTIK In The US,positive,"[Error] Cannot use chat template functions because tokenizer.chat_template is not set and no template argument was passed! For information about writing templates and setting the tokenizer.chat_template attribute, please see the documentation at https://huggingface.co/docs/transformers/main/en/chat_templating"
Morrisons and Debenhams surprise City with Christmas bounce back,positive,"[Error] Cannot use chat template functions because tokenizer.chat_template is not set and no template argument was passed! For information about writing templates and setting the tokenizer.chat_template attribute, please see the documentation at https://huggingface.co/docs/transformers/main/en/chat_templating"
$ISRG Break out confirmed. Bought Leaps. Good trading!,positive,"[Error] Cannot use chat template functions because tokenizer.chat_template is not set and no template argument was passed! For information about writing templates and setting the tokenizer.chat_template attribute, please see the documentation at https://huggingface.co/docs/transformers/main/en/chat_templating"
Morning Agenda: Shire's Deal for NPS,positive,"[Error] Cannot use chat template functions because tokenizer.chat_template is not set and no template argument was passed! For information about writing templates and setting the tokenizer.chat_template attribute, please see the documentation at https://huggingface.co/docs/transformers/main/en/chat_templating"
Apple: Another attempt to break out on Apple but with weak PVT   $AAPL #Trading #investing #aapl https://t.co/DNh7Hgv22V,positive,"[Error] Cannot use chat template functions because tokenizer.chat_template is not set and no template argument was passed! For information about writing templates and setting the tokenizer.chat_template attribute, please see the documentation at https://huggingface.co/docs/transformers/main/en/chat_templating"
News FeedFTSE 100 movers: LSE surges as ICE says mulling offer; Ashtead and Barclays tank,positive,"[Error] Cannot use chat template functions because tokenizer.chat_template is not set and no template argument was passed! For information about writing templates and setting the tokenizer.chat_template attribute, please see the documentation at https://huggingface.co/docs/transformers/main/en/chat_templating"
Activision Blizzard Media Networks Announces Record #Esports Viewership https://t.co/729BiqLbtK $ATVI partnered with $HDSI for 9 #tournament,positive,"[Error] Cannot use chat template functions because tokenizer.chat_template is not set and no template argument was passed! For information about writing templates and setting the tokenizer.chat_template attribute, please see the documentation at https://huggingface.co/docs/transformers/main/en/chat_templating"
ICE Said to Start Lining Up Financing for LSE Bidding War,positive,"[Error] Cannot use chat template functions because tokenizer.chat_template is not set and no template argument was passed! For information about writing templates and setting the tokenizer.chat_template attribute, please see the documentation at https://huggingface.co/docs/transformers/main/en/chat_templating"
Shire proposes $30 bln all-share tie-up with Baxalta,positive,"[Error] Cannot use chat template functions because tokenizer.chat_template is not set and no template argument was passed! For information about writing templates and setting the tokenizer.chat_template attribute, please see the documentation at https://huggingface.co/docs/transformers/main/en/chat_templating"
5-star analyst @brianwieser from Pivotal Research upgraded rating on $GOOGL to BUY. Brian has a 79% success rate https://t.co/t0dn02EOH5,positive,"[Error] Cannot use chat template functions because tokenizer.chat_template is not set and no template argument was passed! For information about writing templates and setting the tokenizer.chat_template attribute, please see the documentation at https://huggingface.co/docs/transformers/main/en/chat_templating"
Lloyds Banking Group's share price lifts amid reports bank is poised to axe hundreds of UK jobs,positive,"[Error] Cannot use chat template functions because tokenizer.chat_template is not set and no template argument was passed! For information about writing templates and setting the tokenizer.chat_template attribute, please see the documentation at https://huggingface.co/docs/transformers/main/en/chat_templating"
Amazon declares 'best ever' Black Friday and Cyber Monday for Kindle family http://stks.co/cEtw via Engadget $AMZN,positive,"[Error] Cannot use chat template functions because tokenizer.chat_template is not set and no template argument was passed! For information about writing templates and setting the tokenizer.chat_template attribute, please see the documentation at https://huggingface.co/docs/transformers/main/en/chat_templating"
Entertainment One dispels ITV takeover rumours,positive,"[Error] Cannot use chat template functions because tokenizer.chat_template is not set and no template argument was passed! For information about writing templates and setting the tokenizer.chat_template attribute, please see the documentation at https://huggingface.co/docs/transformers/main/en/chat_templating"
New Morrisons duo get former boss's support to diffuse investor tension,positive,"[Error] Cannot use chat template functions because tokenizer.chat_template is not set and no template argument was passed! For information about writing templates and setting the tokenizer.chat_template attribute, please see the documentation at https://huggingface.co/docs/transformers/main/en/chat_templating"
$PLUG Closed short position. Small gain. Not interested in options expiring worthless,positive,"[Error] Cannot use chat template functions because tokenizer.chat_template is not set and no template argument was passed! For information about writing templates and setting the tokenizer.chat_template attribute, please see the documentation at https://huggingface.co/docs/transformers/main/en/chat_templating"
$RSH - looking for first profitable quarter in 3 years!!!  ;).  LONG & STRONG,positive,"[Error] Cannot use chat template functions because tokenizer.chat_template is not set and no template argument was passed! For information about writing templates and setting the tokenizer.chat_template attribute, please see the documentation at https://huggingface.co/docs/transformers/main/en/chat_templating"
$CTRP not a bad long chart now that it's through sma100 resistance.,positive,"[Error] Cannot use chat template functions because tokenizer.chat_template is not set and no template argument was passed! For information about writing templates and setting the tokenizer.chat_template attribute, please see the documentation at https://huggingface.co/docs/transformers/main/en/chat_templating"
"Qualcomm: 10% Dividend Increase Rewards Patient Investors, The Future Looks Bright https://t.co/TJjVpqhHqD $QCOM",positive,"[Error] Cannot use chat template functions because tokenizer.chat_template is not set and no template argument was passed! For information about writing templates and setting the tokenizer.chat_template attribute, please see the documentation at https://huggingface.co/docs/transformers/main/en/chat_templating"
$ASTX Daily technical indicators are bullish. Breakout watch over 4.58  http://stks.co/eOvw,positive,"[Error] Cannot use chat template functions because tokenizer.chat_template is not set and no template argument was passed! For information about writing templates and setting the tokenizer.chat_template attribute, please see the documentation at https://huggingface.co/docs/transformers/main/en/chat_templating"
ARM Royalties Accelerate as Smartphone Market Regains Strength,positive,"[Error] Cannot use chat template functions because tokenizer.chat_template is not set and no template argument was passed! For information about writing templates and setting the tokenizer.chat_template attribute, please see the documentation at https://huggingface.co/docs/transformers/main/en/chat_templating"
Slowly adding some $FIO here but gotta be careful. This will be one of biggest winners in 2012,positive,"[Error] Cannot use chat template functions because tokenizer.chat_template is not set and no template argument was passed! For information about writing templates and setting the tokenizer.chat_template attribute, please see the documentation at https://huggingface.co/docs/transformers/main/en/chat_templating"
Seat belt recall? who cares....  I'm a buyer $TSLA,positive,"[Error] Cannot use chat template functions because tokenizer.chat_template is not set and no template argument was passed! For information about writing templates and setting the tokenizer.chat_template attribute, please see the documentation at https://huggingface.co/docs/transformers/main/en/chat_templating"
#Tesla Model S deliveries are up 35% in Germany - record deliveries in March [Chart] https://t.co/yCnClcBImV  $TSLA,positive,"[Error] Cannot use chat template functions because tokenizer.chat_template is not set and no template argument was passed! For information about writing templates and setting the tokenizer.chat_template attribute, please see the documentation at https://huggingface.co/docs/transformers/main/en/chat_templating"
$YANG Double bottom 5.2,positive,"[Error] Cannot use chat template functions because tokenizer.chat_template is not set and no template argument was passed! For information about writing templates and setting the tokenizer.chat_template attribute, please see the documentation at https://huggingface.co/docs/transformers/main/en/chat_templating"
Berkshire applies to boost Wells Fargo stake above 10 percent,positive,"[Error] Cannot use chat template functions because tokenizer.chat_template is not set and no template argument was passed! For information about writing templates and setting the tokenizer.chat_template attribute, please see the documentation at https://huggingface.co/docs/transformers/main/en/chat_templating"
Current holdings via options - Long: $AAPL $V $GS $AET & Short: $VXX,positive,"[Error] Cannot use chat template functions because tokenizer.chat_template is not set and no template argument was passed! For information about writing templates and setting the tokenizer.chat_template attribute, please see the documentation at https://huggingface.co/docs/transformers/main/en/chat_templating"
LSE-Deutsche Boerse merger would signal end to exchange mega-deals,positive,"[Error] Cannot use chat template functions because tokenizer.chat_template is not set and no template argument was passed! For information about writing templates and setting the tokenizer.chat_template attribute, please see the documentation at https://huggingface.co/docs/transformers/main/en/chat_templating"
GE to Sell Majority Stake in Bank BPH's Core Bank to Alior Bank,positive,"[Error] Cannot use chat template functions because tokenizer.chat_template is not set and no template argument was passed! For information about writing templates and setting the tokenizer.chat_template attribute, please see the documentation at https://huggingface.co/docs/transformers/main/en/chat_templating"
AstraZeneca weighing up Acerta bid to secure blood cancer drug,positive,"[Error] Cannot use chat template functions because tokenizer.chat_template is not set and no template argument was passed! For information about writing templates and setting the tokenizer.chat_template attribute, please see the documentation at https://huggingface.co/docs/transformers/main/en/chat_templating"
"U.K. Stocks Resume Gains to Rally to Record; CRH, Tullow Climb",positive,"[Error] Cannot use chat template functions because tokenizer.chat_template is not set and no template argument was passed! For information about writing templates and setting the tokenizer.chat_template attribute, please see the documentation at https://huggingface.co/docs/transformers/main/en/chat_templating"
Priceline's stock jumps to new high for the year after Barclays upgrade,positive,"[Error] Cannot use chat template functions because tokenizer.chat_template is not set and no template argument was passed! For information about writing templates and setting the tokenizer.chat_template attribute, please see the documentation at https://huggingface.co/docs/transformers/main/en/chat_templating"
CompaniesUnilever sales lifted by ice cream in soft economy,positive,"[Error] Cannot use chat template functions because tokenizer.chat_template is not set and no template argument was passed! For information about writing templates and setting the tokenizer.chat_template attribute, please see the documentation at https://huggingface.co/docs/transformers/main/en/chat_templating"
$TNH Looks like an explosive setup if it can break the 20EMA and 105 level http://stks.co/b1SVH,positive,"[Error] Cannot use chat template functions because tokenizer.chat_template is not set and no template argument was passed! For information about writing templates and setting the tokenizer.chat_template attribute, please see the documentation at https://huggingface.co/docs/transformers/main/en/chat_templating"
"WPP, World's Largest Ad Agency, Reports Strong 2015 Growth",positive,"[Error] Cannot use chat template functions because tokenizer.chat_template is not set and no template argument was passed! For information about writing templates and setting the tokenizer.chat_template attribute, please see the documentation at https://huggingface.co/docs/transformers/main/en/chat_templating"
WPP boosts sales despite cautious clients,positive,"[Error] Cannot use chat template functions because tokenizer.chat_template is not set and no template argument was passed! For information about writing templates and setting the tokenizer.chat_template attribute, please see the documentation at https://huggingface.co/docs/transformers/main/en/chat_templating"
Amazon's grocery deal with Morrisons is only the beginning,positive,"[Error] Cannot use chat template functions because tokenizer.chat_template is not set and no template argument was passed! For information about writing templates and setting the tokenizer.chat_template attribute, please see the documentation at https://huggingface.co/docs/transformers/main/en/chat_templating"
Insight hires Aviva's David Hillier for multi-asset team,positive,"[Error] Cannot use chat template functions because tokenizer.chat_template is not set and no template argument was passed! For information about writing templates and setting the tokenizer.chat_template attribute, please see the documentation at https://huggingface.co/docs/transformers/main/en/chat_templating"
"UPDATE: Persimmon Profit Up Strongly, Outlook Positive",positive,"[Error] Cannot use chat template functions because tokenizer.chat_template is not set and no template argument was passed! For information about writing templates and setting the tokenizer.chat_template attribute, please see the documentation at https://huggingface.co/docs/transformers/main/en/chat_templating"
$CRM Sep 40 calls are +35% since entry #BANG http://stks.co/deDm,positive,"[Error] Cannot use chat template functions because tokenizer.chat_template is not set and no template argument was passed! For information about writing templates and setting the tokenizer.chat_template attribute, please see the documentation at https://huggingface.co/docs/transformers/main/en/chat_templating"
BRIEF-Aviva aims to increase dividend pay-out ratio to 50 pct in 2017,positive,"[Error] Cannot use chat template functions because tokenizer.chat_template is not set and no template argument was passed! For information about writing templates and setting the tokenizer.chat_template attribute, please see the documentation at https://huggingface.co/docs/transformers/main/en/chat_templating"
longed $AMZN 300 @ 189.82,positive,"[Error] Cannot use chat template functions because tokenizer.chat_template is not set and no template argument was passed! For information about writing templates and setting the tokenizer.chat_template attribute, please see the documentation at https://huggingface.co/docs/transformers/main/en/chat_templating"
AB InBev looks to win over SABMiller investors,positive,"[Error] Cannot use chat template functions because tokenizer.chat_template is not set and no template argument was passed! For information about writing templates and setting the tokenizer.chat_template attribute, please see the documentation at https://huggingface.co/docs/transformers/main/en/chat_templating"
"$CNP Sell Short Position on CNP,...Closed for Profit $ 59,367.00 (7.75%) http://stks.co/ghjc",positive,"[Error] Cannot use chat template functions because tokenizer.chat_template is not set and no template argument was passed! For information about writing templates and setting the tokenizer.chat_template attribute, please see the documentation at https://huggingface.co/docs/transformers/main/en/chat_templating"
$IACI http://stks.co/tJU Looks good on the weekly chart.,positive,"[Error] Cannot use chat template functions because tokenizer.chat_template is not set and no template argument was passed! For information about writing templates and setting the tokenizer.chat_template attribute, please see the documentation at https://huggingface.co/docs/transformers/main/en/chat_templating"
CompaniesDixons Carphone to close 134 UK stores as sales jump,positive,"[Error] Cannot use chat template functions because tokenizer.chat_template is not set and no template argument was passed! For information about writing templates and setting the tokenizer.chat_template attribute, please see the documentation at https://huggingface.co/docs/transformers/main/en/chat_templating"
$brcm raises revenue forecast,positive,"[Error] Cannot use chat template functions because tokenizer.chat_template is not set and no template argument was passed! For information about writing templates and setting the tokenizer.chat_template attribute, please see the documentation at https://huggingface.co/docs/transformers/main/en/chat_templating"
"$YNDX and the price of some stocks was 2 times lower then annual earnings, I could not resist, I  was buying when everyone was selling",positive,"[Error] Cannot use chat template functions because tokenizer.chat_template is not set and no template argument was passed! For information about writing templates and setting the tokenizer.chat_template attribute, please see the documentation at https://huggingface.co/docs/transformers/main/en/chat_templating"
"$pcln back over ""up"" trendline from 10/4",positive,"[Error] Cannot use chat template functions because tokenizer.chat_template is not set and no template argument was passed! For information about writing templates and setting the tokenizer.chat_template attribute, please see the documentation at https://huggingface.co/docs/transformers/main/en/chat_templating"
@Vegastrader66 Looks like good entry for $QIHU here.,positive,"[Error] Cannot use chat template functions because tokenizer.chat_template is not set and no template argument was passed! For information about writing templates and setting the tokenizer.chat_template attribute, please see the documentation at https://huggingface.co/docs/transformers/main/en/chat_templating"
"Irish Said Chasing Standard Chartered, RBS as Brexit Vote Nears",positive,"[Error] Cannot use chat template functions because tokenizer.chat_template is not set and no template argument was passed! For information about writing templates and setting the tokenizer.chat_template attribute, please see the documentation at https://huggingface.co/docs/transformers/main/en/chat_templating"
"$LULU http://stks.co/o17i Bounced off support early in week - now indicators turning up (RSI, MACD, SMI) Worth a look",positive,"[Error] Cannot use chat template functions because tokenizer.chat_template is not set and no template argument was passed! For information about writing templates and setting the tokenizer.chat_template attribute, please see the documentation at https://huggingface.co/docs/transformers/main/en/chat_templating"
"FBR Capital reiterated ""Outperform"" rating on $BRCM with a price target of $45.00 on Friday.",positive,"[Error] Cannot use chat template functions because tokenizer.chat_template is not set and no template argument was passed! For information about writing templates and setting the tokenizer.chat_template attribute, please see the documentation at https://huggingface.co/docs/transformers/main/en/chat_templating"
"$TYC just about to break out to new highs, lots of technicals looking great right now.",positive,"[Error] Cannot use chat template functions because tokenizer.chat_template is not set and no template argument was passed! For information about writing templates and setting the tokenizer.chat_template attribute, please see the documentation at https://huggingface.co/docs/transformers/main/en/chat_templating"
"Baird likes $TSLA - upgrades to outperform, lifts price target to $300. Research firm also sees no capital raise necessary in next few qtrs",positive,"[Error] Cannot use chat template functions because tokenizer.chat_template is not set and no template argument was passed! For information about writing templates and setting the tokenizer.chat_template attribute, please see the documentation at https://huggingface.co/docs/transformers/main/en/chat_templating"
"09:01 AM      $AKS  DJ AK Steel Revenue Rises 36% on Auto Sector Demand, Acquisition",positive,"[Error] Cannot use chat template functions because tokenizer.chat_template is not set and no template argument was passed! For information about writing templates and setting the tokenizer.chat_template attribute, please see the documentation at https://huggingface.co/docs/transformers/main/en/chat_templating"
NYSE owner ICE considers offer for LSE,positive,"[Error] Cannot use chat template functions because tokenizer.chat_template is not set and no template argument was passed! For information about writing templates and setting the tokenizer.chat_template attribute, please see the documentation at https://huggingface.co/docs/transformers/main/en/chat_templating"
$TRX http://stks.co/1KkK Long setup. MACD cross.,positive,"[Error] Cannot use chat template functions because tokenizer.chat_template is not set and no template argument was passed! For information about writing templates and setting the tokenizer.chat_template attribute, please see the documentation at https://huggingface.co/docs/transformers/main/en/chat_templating"
$RDC Rowan Expands Share Repurchase Program to $150 million,positive,"[Error] Cannot use chat template functions because tokenizer.chat_template is not set and no template argument was passed! For information about writing templates and setting the tokenizer.chat_template attribute, please see the documentation at https://huggingface.co/docs/transformers/main/en/chat_templating"
"RT @andrewnyquist Chartology: Yahoo: http://stks.co/1itr $YHOO  Crazy looking chart, but nearing breakout resistance line...",positive,"[Error] Cannot use chat template functions because tokenizer.chat_template is not set and no template argument was passed! For information about writing templates and setting the tokenizer.chat_template attribute, please see the documentation at https://huggingface.co/docs/transformers/main/en/chat_templating"
Peroni and Grolsch put up for sale as AB InBev plans acquisition of SABMiller,positive,"[Error] Cannot use chat template functions because tokenizer.chat_template is not set and no template argument was passed! For information about writing templates and setting the tokenizer.chat_template attribute, please see the documentation at https://huggingface.co/docs/transformers/main/en/chat_templating"
"Aviva, Friends Life top forecasts ahead of 5.6 billion pound merger",positive,"[Error] Cannot use chat template functions because tokenizer.chat_template is not set and no template argument was passed! For information about writing templates and setting the tokenizer.chat_template attribute, please see the documentation at https://huggingface.co/docs/transformers/main/en/chat_templating"
Sophos aims to raise $100m in London IPO,positive,"[Error] Cannot use chat template functions because tokenizer.chat_template is not set and no template argument was passed! For information about writing templates and setting the tokenizer.chat_template attribute, please see the documentation at https://huggingface.co/docs/transformers/main/en/chat_templating"
$SPY http://stks.co/1MiR We're holding above Wednesday and Thursday closes. I'm leaning bullish. Small postions. Waiting.,positive,"[Error] Cannot use chat template functions because tokenizer.chat_template is not set and no template argument was passed! For information about writing templates and setting the tokenizer.chat_template attribute, please see the documentation at https://huggingface.co/docs/transformers/main/en/chat_templating"
Johnson Matthey raises prospect of investor payout,positive,"[Error] Cannot use chat template functions because tokenizer.chat_template is not set and no template argument was passed! For information about writing templates and setting the tokenizer.chat_template attribute, please see the documentation at https://huggingface.co/docs/transformers/main/en/chat_templating"
"Britain's FTSE gains, Land Securities up after dividend hike",positive,"[Error] Cannot use chat template functions because tokenizer.chat_template is not set and no template argument was passed! For information about writing templates and setting the tokenizer.chat_template attribute, please see the documentation at https://huggingface.co/docs/transformers/main/en/chat_templating"
$FTI Breakout today after reporting earnings last night,positive,"[Error] Cannot use chat template functions because tokenizer.chat_template is not set and no template argument was passed! For information about writing templates and setting the tokenizer.chat_template attribute, please see the documentation at https://huggingface.co/docs/transformers/main/en/chat_templating"
FDA approves Shire's Vyvanse for binge-eating disorder,positive,"[Error] Cannot use chat template functions because tokenizer.chat_template is not set and no template argument was passed! For information about writing templates and setting the tokenizer.chat_template attribute, please see the documentation at https://huggingface.co/docs/transformers/main/en/chat_templating"
Travis Perkins Hikes Dividend 20% As Profit And Revenue Rise,positive,"[Error] Cannot use chat template functions because tokenizer.chat_template is not set and no template argument was passed! For information about writing templates and setting the tokenizer.chat_template attribute, please see the documentation at https://huggingface.co/docs/transformers/main/en/chat_templating"
Commented on It's Time To Embrace Dividend Growth https://t.co/wc2qfP79TN $ABBV $CSCO $WYN,positive,"[Error] Cannot use chat template functions because tokenizer.chat_template is not set and no template argument was passed! For information about writing templates and setting the tokenizer.chat_template attribute, please see the documentation at https://huggingface.co/docs/transformers/main/en/chat_templating"
$VIPS similar pattern like beginning of May. Did u sell? Same now..will go up much higher after this drop.,positive,"[Error] Cannot use chat template functions because tokenizer.chat_template is not set and no template argument was passed! For information about writing templates and setting the tokenizer.chat_template attribute, please see the documentation at https://huggingface.co/docs/transformers/main/en/chat_templating"
$AAPL - Has broken its downtrend - but 200DMA proving to be stiff resistance short term. https://t.co/VlzlgvIHZV,positive,"[Error] Cannot use chat template functions because tokenizer.chat_template is not set and no template argument was passed! For information about writing templates and setting the tokenizer.chat_template attribute, please see the documentation at https://huggingface.co/docs/transformers/main/en/chat_templating"
$FB Big Money Is Pouring Into Facebook From All Directions;http://stks.co/sOwG,positive,"[Error] Cannot use chat template functions because tokenizer.chat_template is not set and no template argument was passed! For information about writing templates and setting the tokenizer.chat_template attribute, please see the documentation at https://huggingface.co/docs/transformers/main/en/chat_templating"
"UPDATE: EasyJet Passenger Numbers, Aer Lingus Traffic Up In February",positive,"[Error] Cannot use chat template functions because tokenizer.chat_template is not set and no template argument was passed! For information about writing templates and setting the tokenizer.chat_template attribute, please see the documentation at https://huggingface.co/docs/transformers/main/en/chat_templating"
Retail giant Kingfisher reports 'solid' start to the year,positive,"[Error] Cannot use chat template functions because tokenizer.chat_template is not set and no template argument was passed! For information about writing templates and setting the tokenizer.chat_template attribute, please see the documentation at https://huggingface.co/docs/transformers/main/en/chat_templating"
Out of shorts $ALTR at 38.85 with loss,positive,"[Error] Cannot use chat template functions because tokenizer.chat_template is not set and no template argument was passed! For information about writing templates and setting the tokenizer.chat_template attribute, please see the documentation at https://huggingface.co/docs/transformers/main/en/chat_templating"
@Renatta @Fr0van @kjepeneter @RPTL  Strong close 4 $PLNR  coming,positive,"[Error] Cannot use chat template functions because tokenizer.chat_template is not set and no template argument was passed! For information about writing templates and setting the tokenizer.chat_template attribute, please see the documentation at https://huggingface.co/docs/transformers/main/en/chat_templating"
GSK joins China trade push as UK trumpets healthcare deals,positive,"[Error] Cannot use chat template functions because tokenizer.chat_template is not set and no template argument was passed! For information about writing templates and setting the tokenizer.chat_template attribute, please see the documentation at https://huggingface.co/docs/transformers/main/en/chat_templating"
$AAPL  downgrade is bias. This stock is a buy.,positive,"[Error] Cannot use chat template functions because tokenizer.chat_template is not set and no template argument was passed! For information about writing templates and setting the tokenizer.chat_template attribute, please see the documentation at https://huggingface.co/docs/transformers/main/en/chat_templating"
RT @ACInvestorBlog $AAPL still on track for $500,positive,"[Error] Cannot use chat template functions because tokenizer.chat_template is not set and no template argument was passed! For information about writing templates and setting the tokenizer.chat_template attribute, please see the documentation at https://huggingface.co/docs/transformers/main/en/chat_templating"
"Whitbread Profit Up As Sales Continue To Rise, Looking For New CEO",positive,"[Error] Cannot use chat template functions because tokenizer.chat_template is not set and no template argument was passed! For information about writing templates and setting the tokenizer.chat_template attribute, please see the documentation at https://huggingface.co/docs/transformers/main/en/chat_templating"
Long $VVUS shares as a call option w/ an expiration of..  umm.. TODAY.    Hitting HOD here.,positive,"[Error] Cannot use chat template functions because tokenizer.chat_template is not set and no template argument was passed! For information about writing templates and setting the tokenizer.chat_template attribute, please see the documentation at https://huggingface.co/docs/transformers/main/en/chat_templating"
"Standard Chartered, RBS Escape Capital Raising in Stress Test",positive,"[Error] Cannot use chat template functions because tokenizer.chat_template is not set and no template argument was passed! For information about writing templates and setting the tokenizer.chat_template attribute, please see the documentation at https://huggingface.co/docs/transformers/main/en/chat_templating"
Just went long $ILMN,positive,"[Error] Cannot use chat template functions because tokenizer.chat_template is not set and no template argument was passed! For information about writing templates and setting the tokenizer.chat_template attribute, please see the documentation at https://huggingface.co/docs/transformers/main/en/chat_templating"
Starbucks' Digital Strategy To Drive Significant Growth With Customer Loyalty https://t.co/9Q7cI79IYO $SBUX,positive,"[Error] Cannot use chat template functions because tokenizer.chat_template is not set and no template argument was passed! For information about writing templates and setting the tokenizer.chat_template attribute, please see the documentation at https://huggingface.co/docs/transformers/main/en/chat_templating"
$GILD chart: With $IBB back over support. https://t.co/GpRZ2UJFC4,positive,"[Error] Cannot use chat template functions because tokenizer.chat_template is not set and no template argument was passed! For information about writing templates and setting the tokenizer.chat_template attribute, please see the documentation at https://huggingface.co/docs/transformers/main/en/chat_templating"
"Long Position on $IP,....Scaling UP http://stks.co/sIln",positive,"[Error] Cannot use chat template functions because tokenizer.chat_template is not set and no template argument was passed! For information about writing templates and setting the tokenizer.chat_template attribute, please see the documentation at https://huggingface.co/docs/transformers/main/en/chat_templating"
$RAD I would consider this opportunity to add my position because the company is on the right track they are still improving sales...,positive,"[Error] Cannot use chat template functions because tokenizer.chat_template is not set and no template argument was passed! For information about writing templates and setting the tokenizer.chat_template attribute, please see the documentation at https://huggingface.co/docs/transformers/main/en/chat_templating"
4 beaten-down Internet companies that may be ripe for a #takeover target: #Twitter $TWTR - #LinkedIn $LNKD - #Yahoo! $YHOO - #Groupon $GRPN,positive,"[Error] Cannot use chat template functions because tokenizer.chat_template is not set and no template argument was passed! For information about writing templates and setting the tokenizer.chat_template attribute, please see the documentation at https://huggingface.co/docs/transformers/main/en/chat_templating"
ConAgra Names Former Hillshire Farms CEO Connolly to Top Post,positive,"[Error] Cannot use chat template functions because tokenizer.chat_template is not set and no template argument was passed! For information about writing templates and setting the tokenizer.chat_template attribute, please see the documentation at https://huggingface.co/docs/transformers/main/en/chat_templating"
$GOOG resistance turned support?  It,positive,"[Error] Cannot use chat template functions because tokenizer.chat_template is not set and no template argument was passed! For information about writing templates and setting the tokenizer.chat_template attribute, please see the documentation at https://huggingface.co/docs/transformers/main/en/chat_templating"
$PKT Momentum building for breakout trigger ! Long setup http://stks.co/eXVU,positive,"[Error] Cannot use chat template functions because tokenizer.chat_template is not set and no template argument was passed! For information about writing templates and setting the tokenizer.chat_template attribute, please see the documentation at https://huggingface.co/docs/transformers/main/en/chat_templating"
$LUV Continues to consolidate above previous break out area...,positive,"[Error] Cannot use chat template functions because tokenizer.chat_template is not set and no template argument was passed! For information about writing templates and setting the tokenizer.chat_template attribute, please see the documentation at https://huggingface.co/docs/transformers/main/en/chat_templating"
"Went long on this $COG, will see 70's again me thinks",positive,"[Error] Cannot use chat template functions because tokenizer.chat_template is not set and no template argument was passed! For information about writing templates and setting the tokenizer.chat_template attribute, please see the documentation at https://huggingface.co/docs/transformers/main/en/chat_templating"
Britain's FTSE gets lift from Prudential results,positive,"[Error] Cannot use chat template functions because tokenizer.chat_template is not set and no template argument was passed! For information about writing templates and setting the tokenizer.chat_template attribute, please see the documentation at https://huggingface.co/docs/transformers/main/en/chat_templating"
Severn Trent share price rises as first half profit inches up as customer ...,positive,"[Error] Cannot use chat template functions because tokenizer.chat_template is not set and no template argument was passed! For information about writing templates and setting the tokenizer.chat_template attribute, please see the documentation at https://huggingface.co/docs/transformers/main/en/chat_templating"
$ROST Nov 90 calls 2.08 .. Go Long until exp imo ! Unless europeans keeps F'ing around !,positive,"[Error] Cannot use chat template functions because tokenizer.chat_template is not set and no template argument was passed! For information about writing templates and setting the tokenizer.chat_template attribute, please see the documentation at https://huggingface.co/docs/transformers/main/en/chat_templating"
"Centrica extends gas deals with Gazprom, Statoil",positive,"[Error] Cannot use chat template functions because tokenizer.chat_template is not set and no template argument was passed! For information about writing templates and setting the tokenizer.chat_template attribute, please see the documentation at https://huggingface.co/docs/transformers/main/en/chat_templating"
"$AAPL bounce right now has no vol, more vol when it slid",positive,"[Error] Cannot use chat template functions because tokenizer.chat_template is not set and no template argument was passed! For information about writing templates and setting the tokenizer.chat_template attribute, please see the documentation at https://huggingface.co/docs/transformers/main/en/chat_templating"
ouch looks like $tsla shorts getting skinned again,positive,"[Error] Cannot use chat template functions because tokenizer.chat_template is not set and no template argument was passed! For information about writing templates and setting the tokenizer.chat_template attribute, please see the documentation at https://huggingface.co/docs/transformers/main/en/chat_templating"
$FB Dax says bye bye 2013 - finished a great yr w 28% plus!,positive,"[Error] Cannot use chat template functions because tokenizer.chat_template is not set and no template argument was passed! For information about writing templates and setting the tokenizer.chat_template attribute, please see the documentation at https://huggingface.co/docs/transformers/main/en/chat_templating"
$PCLN Trying to break daily trend line! Big move could happen https://t.co/gY0aDb2jsQ https://t.co/KPBBCgQ2xy,positive,"[Error] Cannot use chat template functions because tokenizer.chat_template is not set and no template argument was passed! For information about writing templates and setting the tokenizer.chat_template attribute, please see the documentation at https://huggingface.co/docs/transformers/main/en/chat_templating"
CompaniesActelion shares hit record on Shire takeover talk,positive,"[Error] Cannot use chat template functions because tokenizer.chat_template is not set and no template argument was passed! For information about writing templates and setting the tokenizer.chat_template attribute, please see the documentation at https://huggingface.co/docs/transformers/main/en/chat_templating"
Added. Cost now at 1.54. Bounce off of Put OI & S1 pivot. @moteltan BTO $AAPL Apr 27 2012 605.0 Calls @ 1.66 for ride to 609 ish.,positive,"[Error] Cannot use chat template functions because tokenizer.chat_template is not set and no template argument was passed! For information about writing templates and setting the tokenizer.chat_template attribute, please see the documentation at https://huggingface.co/docs/transformers/main/en/chat_templating"
Pivotal Research upgrading $GOOGL to buy.  https://t.co/LSahepdqhD    #stocktrading,positive,"[Error] Cannot use chat template functions because tokenizer.chat_template is not set and no template argument was passed! For information about writing templates and setting the tokenizer.chat_template attribute, please see the documentation at https://huggingface.co/docs/transformers/main/en/chat_templating"
Tesco leads leap in FTSE 100; Marks & Spencer drops,positive,"[Error] Cannot use chat template functions because tokenizer.chat_template is not set and no template argument was passed! For information about writing templates and setting the tokenizer.chat_template attribute, please see the documentation at https://huggingface.co/docs/transformers/main/en/chat_templating"
$SPPI..building RS. Sweet. I want this to break a new 52week. The earnings growth justifies way higher,positive,"[Error] Cannot use chat template functions because tokenizer.chat_template is not set and no template argument was passed! For information about writing templates and setting the tokenizer.chat_template attribute, please see the documentation at https://huggingface.co/docs/transformers/main/en/chat_templating"
$SPY Looks like bear traps getting laid faster than Cadbury Creme Eggs by the Easter Bunny,positive,"[Error] Cannot use chat template functions because tokenizer.chat_template is not set and no template argument was passed! For information about writing templates and setting the tokenizer.chat_template attribute, please see the documentation at https://huggingface.co/docs/transformers/main/en/chat_templating"
"$CSX is up today to report.  Wall Street is expecting EPS to be at $0.37, and revenues at $2,732B.",positive,"[Error] Cannot use chat template functions because tokenizer.chat_template is not set and no template argument was passed! For information about writing templates and setting the tokenizer.chat_template attribute, please see the documentation at https://huggingface.co/docs/transformers/main/en/chat_templating"
$SAVE breaking it's downtrend line on increasing volume. A move above 20.57 could see more upside. http://stks.co/l8y4,positive,"[Error] Cannot use chat template functions because tokenizer.chat_template is not set and no template argument was passed! For information about writing templates and setting the tokenizer.chat_template attribute, please see the documentation at https://huggingface.co/docs/transformers/main/en/chat_templating"
EasyJet attracts more passengers in June but still lags Ryanair,positive,"[Error] Cannot use chat template functions because tokenizer.chat_template is not set and no template argument was passed! For information about writing templates and setting the tokenizer.chat_template attribute, please see the documentation at https://huggingface.co/docs/transformers/main/en/chat_templating"
Tesco sells half of stake in ecommerce site Lazada to Alibaba for Â£90m,positive,"[Error] Cannot use chat template functions because tokenizer.chat_template is not set and no template argument was passed! For information about writing templates and setting the tokenizer.chat_template attribute, please see the documentation at https://huggingface.co/docs/transformers/main/en/chat_templating"
$LINE biggies must be loading up here at lows..,positive,"[Error] Cannot use chat template functions because tokenizer.chat_template is not set and no template argument was passed! For information about writing templates and setting the tokenizer.chat_template attribute, please see the documentation at https://huggingface.co/docs/transformers/main/en/chat_templating"
"$QCOR Just added 3,000 shares @28.",positive,"[Error] Cannot use chat template functions because tokenizer.chat_template is not set and no template argument was passed! For information about writing templates and setting the tokenizer.chat_template attribute, please see the documentation at https://huggingface.co/docs/transformers/main/en/chat_templating"
RT @bman1 $LNG looks primed also $EGHT poised to run too...,positive,"[Error] Cannot use chat template functions because tokenizer.chat_template is not set and no template argument was passed! For information about writing templates and setting the tokenizer.chat_template attribute, please see the documentation at https://huggingface.co/docs/transformers/main/en/chat_templating"
"Should You Buy Jumbo Yielders British American Tobacco plc, Centrica PLC & John Wood Group PLC?",positive,"[Error] Cannot use chat template functions because tokenizer.chat_template is not set and no template argument was passed! For information about writing templates and setting the tokenizer.chat_template attribute, please see the documentation at https://huggingface.co/docs/transformers/main/en/chat_templating"
Legal & General arm buys 50 pct stake in MediaCityUK in Manchester,positive,"[Error] Cannot use chat template functions because tokenizer.chat_template is not set and no template argument was passed! For information about writing templates and setting the tokenizer.chat_template attribute, please see the documentation at https://huggingface.co/docs/transformers/main/en/chat_templating"
Bilfinger Industrial Services win Â£100m BP contract extension,positive,"[Error] Cannot use chat template functions because tokenizer.chat_template is not set and no template argument was passed! For information about writing templates and setting the tokenizer.chat_template attribute, please see the documentation at https://huggingface.co/docs/transformers/main/en/chat_templating"
Tesco breaks its downward slide by cutting sales decline in half,positive,"[Error] Cannot use chat template functions because tokenizer.chat_template is not set and no template argument was passed! For information about writing templates and setting the tokenizer.chat_template attribute, please see the documentation at https://huggingface.co/docs/transformers/main/en/chat_templating"
New recommendation from Carl Kirst of BMO Capital Markets for $WMB is BUY.Price target is $62:http://stks.co/t0S0r,positive,"[Error] Cannot use chat template functions because tokenizer.chat_template is not set and no template argument was passed! For information about writing templates and setting the tokenizer.chat_template attribute, please see the documentation at https://huggingface.co/docs/transformers/main/en/chat_templating"
$ocn has the stuff. Will be looking to add shares if we get a new high breakout.,positive,"[Error] Cannot use chat template functions because tokenizer.chat_template is not set and no template argument was passed! For information about writing templates and setting the tokenizer.chat_template attribute, please see the documentation at https://huggingface.co/docs/transformers/main/en/chat_templating"
Philippines' San Miguel says to partner with Kirin if it bids for SABMiller's ...,positive,"[Error] Cannot use chat template functions because tokenizer.chat_template is not set and no template argument was passed! For information about writing templates and setting the tokenizer.chat_template attribute, please see the documentation at https://huggingface.co/docs/transformers/main/en/chat_templating"
$PCLN runs into the 50sma on the acquisition news,positive,"[Error] Cannot use chat template functions because tokenizer.chat_template is not set and no template argument was passed! For information about writing templates and setting the tokenizer.chat_template attribute, please see the documentation at https://huggingface.co/docs/transformers/main/en/chat_templating"
"News FeedSchroders books solid earnings growth, several board changes",positive,"[Error] Cannot use chat template functions because tokenizer.chat_template is not set and no template argument was passed! For information about writing templates and setting the tokenizer.chat_template attribute, please see the documentation at https://huggingface.co/docs/transformers/main/en/chat_templating"
"$DNN picked some up, like this going into 2014",positive,"[Error] Cannot use chat template functions because tokenizer.chat_template is not set and no template argument was passed! For information about writing templates and setting the tokenizer.chat_template attribute, please see the documentation at https://huggingface.co/docs/transformers/main/en/chat_templating"
$FREE Ha Heeeeeere comes the pump! So glad I picked up 9K end of day! Get ready for the bull ride!,positive,"[Error] Cannot use chat template functions because tokenizer.chat_template is not set and no template argument was passed! For information about writing templates and setting the tokenizer.chat_template attribute, please see the documentation at https://huggingface.co/docs/transformers/main/en/chat_templating"
$TZOO a close above 28.64 and we are ready to rock and roll,positive,"[Error] Cannot use chat template functions because tokenizer.chat_template is not set and no template argument was passed! For information about writing templates and setting the tokenizer.chat_template attribute, please see the documentation at https://huggingface.co/docs/transformers/main/en/chat_templating"
"$amzn 4 period RSI is down at 20, just read Connors book on trading strategies",positive,"[Error] Cannot use chat template functions because tokenizer.chat_template is not set and no template argument was passed! For information about writing templates and setting the tokenizer.chat_template attribute, please see the documentation at https://huggingface.co/docs/transformers/main/en/chat_templating"
$VOLC THIS STOCK HAS A VERY VERY VERY VERY VERY HIGH PROBABILITY OF RALLYING TOMORROW AND/OR EARLY NEXT WEEK,positive,"[Error] Cannot use chat template functions because tokenizer.chat_template is not set and no template argument was passed! For information about writing templates and setting the tokenizer.chat_template attribute, please see the documentation at https://huggingface.co/docs/transformers/main/en/chat_templating"
$GOOG Testing the 200 day after some consolidation http://stks.co/h0cPJ,positive,"[Error] Cannot use chat template functions because tokenizer.chat_template is not set and no template argument was passed! For information about writing templates and setting the tokenizer.chat_template attribute, please see the documentation at https://huggingface.co/docs/transformers/main/en/chat_templating"
WPP wins race for 'programmatic buying' agency Essence Digital,positive,"[Error] Cannot use chat template functions because tokenizer.chat_template is not set and no template argument was passed! For information about writing templates and setting the tokenizer.chat_template attribute, please see the documentation at https://huggingface.co/docs/transformers/main/en/chat_templating"
"$KGC http://stks.co/3Qta Oversold, falling wedge and positive divergence place it on the launch pad; looking for a bounce.",positive,"[Error] Cannot use chat template functions because tokenizer.chat_template is not set and no template argument was passed! For information about writing templates and setting the tokenizer.chat_template attribute, please see the documentation at https://huggingface.co/docs/transformers/main/en/chat_templating"
$FB popping up to HOD,positive,"[Error] Cannot use chat template functions because tokenizer.chat_template is not set and no template argument was passed! For information about writing templates and setting the tokenizer.chat_template attribute, please see the documentation at https://huggingface.co/docs/transformers/main/en/chat_templating"
.@barronsonline sees #Apple at $150/share in a year (+36% from today) on growing services business. $AAPL https://t.co/3BDNEKN7l1,positive,"[Error] Cannot use chat template functions because tokenizer.chat_template is not set and no template argument was passed! For information about writing templates and setting the tokenizer.chat_template attribute, please see the documentation at https://huggingface.co/docs/transformers/main/en/chat_templating"
"UPDATE 1-AstraZeneca buys ZS Pharma for $2.7 billion, pips Actelion",positive,"[Error] Cannot use chat template functions because tokenizer.chat_template is not set and no template argument was passed! For information about writing templates and setting the tokenizer.chat_template attribute, please see the documentation at https://huggingface.co/docs/transformers/main/en/chat_templating"
Interest Heats Up for @Yahoo $YHOO - The Wall Street Journal  https://t.co/j5jVjI9bia,positive,"[Error] Cannot use chat template functions because tokenizer.chat_template is not set and no template argument was passed! For information about writing templates and setting the tokenizer.chat_template attribute, please see the documentation at https://huggingface.co/docs/transformers/main/en/chat_templating"
@BULLYA @pollux654321 My 50 $KORS 80 Calls are going to b a Blessing for my Daughters tuition!,positive,"[Error] Cannot use chat template functions because tokenizer.chat_template is not set and no template argument was passed! For information about writing templates and setting the tokenizer.chat_template attribute, please see the documentation at https://huggingface.co/docs/transformers/main/en/chat_templating"
REFILE-Hikma and Barclays help Britain's FTSE to climb higher,positive,"[Error] Cannot use chat template functions because tokenizer.chat_template is not set and no template argument was passed! For information about writing templates and setting the tokenizer.chat_template attribute, please see the documentation at https://huggingface.co/docs/transformers/main/en/chat_templating"
"Britain's FTSE bounces back, Mondi and Barratt lead",positive,"[Error] Cannot use chat template functions because tokenizer.chat_template is not set and no template argument was passed! For information about writing templates and setting the tokenizer.chat_template attribute, please see the documentation at https://huggingface.co/docs/transformers/main/en/chat_templating"
"UK housing market steadies after Brexit dip, Persimmon says",positive,"[Error] Cannot use chat template functions because tokenizer.chat_template is not set and no template argument was passed! For information about writing templates and setting the tokenizer.chat_template attribute, please see the documentation at https://huggingface.co/docs/transformers/main/en/chat_templating"
$KCG bot at 2.24,positive,"[Error] Cannot use chat template functions because tokenizer.chat_template is not set and no template argument was passed! For information about writing templates and setting the tokenizer.chat_template attribute, please see the documentation at https://huggingface.co/docs/transformers/main/en/chat_templating"
Germanwings disaster will not affect image of budget air travel - easyJet,neutral,"[Error] Cannot use chat template functions because tokenizer.chat_template is not set and no template argument was passed! For information about writing templates and setting the tokenizer.chat_template attribute, please see the documentation at https://huggingface.co/docs/transformers/main/en/chat_templating"
Tesco share price steady as analysts weigh in on results,neutral,"[Error] Cannot use chat template functions because tokenizer.chat_template is not set and no template argument was passed! For information about writing templates and setting the tokenizer.chat_template attribute, please see the documentation at https://huggingface.co/docs/transformers/main/en/chat_templating"
$AAPL broke descending channel....will it hold?,neutral,"[Error] Cannot use chat template functions because tokenizer.chat_template is not set and no template argument was passed! For information about writing templates and setting the tokenizer.chat_template attribute, please see the documentation at https://huggingface.co/docs/transformers/main/en/chat_templating"
Why $TWTR is doomed in 1 chart $FB $GOOG  https://t.co/MpyLiReQjh https://t.co/nlcZawDoHP,neutral,"[Error] Cannot use chat template functions because tokenizer.chat_template is not set and no template argument was passed! For information about writing templates and setting the tokenizer.chat_template attribute, please see the documentation at https://huggingface.co/docs/transformers/main/en/chat_templating"
Glencore sees Tripoli-based NOC as sole legal seller of Libyan oil,neutral,"[Error] Cannot use chat template functions because tokenizer.chat_template is not set and no template argument was passed! For information about writing templates and setting the tokenizer.chat_template attribute, please see the documentation at https://huggingface.co/docs/transformers/main/en/chat_templating"
Royal Mail turnaround proving expensive in tough UK market,neutral,"[Error] Cannot use chat template functions because tokenizer.chat_template is not set and no template argument was passed! For information about writing templates and setting the tokenizer.chat_template attribute, please see the documentation at https://huggingface.co/docs/transformers/main/en/chat_templating"
CompaniesDiageo stays neutral on India boardroom turmoil,neutral,"[Error] Cannot use chat template functions because tokenizer.chat_template is not set and no template argument was passed! For information about writing templates and setting the tokenizer.chat_template attribute, please see the documentation at https://huggingface.co/docs/transformers/main/en/chat_templating"
"$GILD Sandbagged the guidance so the can use that last 3 billion up.  CC was cautiously optimistic, wait til Next ER for confirmation",neutral,"[Error] Cannot use chat template functions because tokenizer.chat_template is not set and no template argument was passed! For information about writing templates and setting the tokenizer.chat_template attribute, please see the documentation at https://huggingface.co/docs/transformers/main/en/chat_templating"
Barclays poaches new chief operating officer Paul Compton from JP Morgan Chase,neutral,"[Error] Cannot use chat template functions because tokenizer.chat_template is not set and no template argument was passed! For information about writing templates and setting the tokenizer.chat_template attribute, please see the documentation at https://huggingface.co/docs/transformers/main/en/chat_templating"
Aviva shuts Friends Life head office in rapid integration move,neutral,"[Error] Cannot use chat template functions because tokenizer.chat_template is not set and no template argument was passed! For information about writing templates and setting the tokenizer.chat_template attribute, please see the documentation at https://huggingface.co/docs/transformers/main/en/chat_templating"
"HSBC shakes up board with two new business chiefs, three departures",neutral,"[Error] Cannot use chat template functions because tokenizer.chat_template is not set and no template argument was passed! For information about writing templates and setting the tokenizer.chat_template attribute, please see the documentation at https://huggingface.co/docs/transformers/main/en/chat_templating"
Credit Suisse poaches Prudential's Thiam for Asian push,neutral,"[Error] Cannot use chat template functions because tokenizer.chat_template is not set and no template argument was passed! For information about writing templates and setting the tokenizer.chat_template attribute, please see the documentation at https://huggingface.co/docs/transformers/main/en/chat_templating"
CompaniesLSE adds ex-SEC head Schapiro to board,neutral,"[Error] Cannot use chat template functions because tokenizer.chat_template is not set and no template argument was passed! For information about writing templates and setting the tokenizer.chat_template attribute, please see the documentation at https://huggingface.co/docs/transformers/main/en/chat_templating"
$BABA may take a few days wks months watch what happened to $FB $TWTR after they IPO. mrkt needs to washout. to hunt well need 2 wait stalk.,neutral,"[Error] Cannot use chat template functions because tokenizer.chat_template is not set and no template argument was passed! For information about writing templates and setting the tokenizer.chat_template attribute, please see the documentation at https://huggingface.co/docs/transformers/main/en/chat_templating"
Barclays appoints JPMorgan's Paul Compton as new COO,neutral,"[Error] Cannot use chat template functions because tokenizer.chat_template is not set and no template argument was passed! For information about writing templates and setting the tokenizer.chat_template attribute, please see the documentation at https://huggingface.co/docs/transformers/main/en/chat_templating"
Valeant Names Interim Leader as CEO Remains Hospitalized,neutral,"[Error] Cannot use chat template functions because tokenizer.chat_template is not set and no template argument was passed! For information about writing templates and setting the tokenizer.chat_template attribute, please see the documentation at https://huggingface.co/docs/transformers/main/en/chat_templating"
AB InBev to sell more SAB assets as seeks EU deal approval,neutral,"[Error] Cannot use chat template functions because tokenizer.chat_template is not set and no template argument was passed! For information about writing templates and setting the tokenizer.chat_template attribute, please see the documentation at https://huggingface.co/docs/transformers/main/en/chat_templating"
Sainsbury CFO Rogers to Replace Home Retail CEO Walden,neutral,"[Error] Cannot use chat template functions because tokenizer.chat_template is not set and no template argument was passed! For information about writing templates and setting the tokenizer.chat_template attribute, please see the documentation at https://huggingface.co/docs/transformers/main/en/chat_templating"
"Whats up with $LULU?  Numbers looked good, not great, but good.  I think conference call will instill confidence.",neutral,"[Error] Cannot use chat template functions because tokenizer.chat_template is not set and no template argument was passed! For information about writing templates and setting the tokenizer.chat_template attribute, please see the documentation at https://huggingface.co/docs/transformers/main/en/chat_templating"
Greene King's third quarter sales boosted by festive season,positive,"[Error] Cannot use chat template functions because tokenizer.chat_template is not set and no template argument was passed! For information about writing templates and setting the tokenizer.chat_template attribute, please see the documentation at https://huggingface.co/docs/transformers/main/en/chat_templating"
@scottrade Why is $tsla not available for shorting at this time?  Same for $w?,negative,"[Error] Cannot use chat template functions because tokenizer.chat_template is not set and no template argument was passed! For information about writing templates and setting the tokenizer.chat_template attribute, please see the documentation at https://huggingface.co/docs/transformers/main/en/chat_templating"
Infection worries prompt regulatory reviews of Gilead leukaemia drug $GILD https://t.co/H9vqXpZ15G via @YahooFinance,negative,"[Error] Cannot use chat template functions because tokenizer.chat_template is not set and no template argument was passed! For information about writing templates and setting the tokenizer.chat_template attribute, please see the documentation at https://huggingface.co/docs/transformers/main/en/chat_templating"
LONDON MORNING BRIEFING: HSBC And Standard Chartered Shares Rise,positive,"[Error] Cannot use chat template functions because tokenizer.chat_template is not set and no template argument was passed! For information about writing templates and setting the tokenizer.chat_template attribute, please see the documentation at https://huggingface.co/docs/transformers/main/en/chat_templating"
"I'm liking the price action in $SWKS, currently @21.80 ; my target: 24.00+ before year end.",positive,"[Error] Cannot use chat template functions because tokenizer.chat_template is not set and no template argument was passed! For information about writing templates and setting the tokenizer.chat_template attribute, please see the documentation at https://huggingface.co/docs/transformers/main/en/chat_templating"
UPDATE 1-Dairy Crest loses a third of Morrisons milk contract,negative,"[Error] Cannot use chat template functions because tokenizer.chat_template is not set and no template argument was passed! For information about writing templates and setting the tokenizer.chat_template attribute, please see the documentation at https://huggingface.co/docs/transformers/main/en/chat_templating"
$V A potential bearish shark pattern if point B $226 to be taken out. http://stks.co/i0GGH,negative,"[Error] Cannot use chat template functions because tokenizer.chat_template is not set and no template argument was passed! For information about writing templates and setting the tokenizer.chat_template attribute, please see the documentation at https://huggingface.co/docs/transformers/main/en/chat_templating"
$NUAN held up well after the big gains! Maybe we're finally on the move on this!!its still very undervalued and has major upside,positive,"[Error] Cannot use chat template functions because tokenizer.chat_template is not set and no template argument was passed! For information about writing templates and setting the tokenizer.chat_template attribute, please see the documentation at https://huggingface.co/docs/transformers/main/en/chat_templating"
Irish housebuilder Cairn Homes plans London listing,positive,"[Error] Cannot use chat template functions because tokenizer.chat_template is not set and no template argument was passed! For information about writing templates and setting the tokenizer.chat_template attribute, please see the documentation at https://huggingface.co/docs/transformers/main/en/chat_templating"
BRIEF-Legal & General's retirement business books 4 billion stg H1 sales,positive,"[Error] Cannot use chat template functions because tokenizer.chat_template is not set and no template argument was passed! For information about writing templates and setting the tokenizer.chat_template attribute, please see the documentation at https://huggingface.co/docs/transformers/main/en/chat_templating"
"Upside moves in the volatile #mining sector, sending Anglo American PLC $AAL up 6.8% as of 4:30 PM, London time",positive,"[Error] Cannot use chat template functions because tokenizer.chat_template is not set and no template argument was passed! For information about writing templates and setting the tokenizer.chat_template attribute, please see the documentation at https://huggingface.co/docs/transformers/main/en/chat_templating"
Breaking: Tesla recalls all Model X cars  .. details on show now $TSLA,negative,"[Error] Cannot use chat template functions because tokenizer.chat_template is not set and no template argument was passed! For information about writing templates and setting the tokenizer.chat_template attribute, please see the documentation at https://huggingface.co/docs/transformers/main/en/chat_templating"
Tesla issues its first Model X recall https://t.co/t1kMqVwhQQ $TSLA,negative,"[Error] Cannot use chat template functions because tokenizer.chat_template is not set and no template argument was passed! For information about writing templates and setting the tokenizer.chat_template attribute, please see the documentation at https://huggingface.co/docs/transformers/main/en/chat_templating"
Verizon and AT&T accused of hurting rivals,negative,"[Error] Cannot use chat template functions because tokenizer.chat_template is not set and no template argument was passed! For information about writing templates and setting the tokenizer.chat_template attribute, please see the documentation at https://huggingface.co/docs/transformers/main/en/chat_templating"
"PRESS: Serco Set To Appoint Roy Gardner, Ex-Centrica, As Chairman - FT",positive,"[Error] Cannot use chat template functions because tokenizer.chat_template is not set and no template argument was passed! For information about writing templates and setting the tokenizer.chat_template attribute, please see the documentation at https://huggingface.co/docs/transformers/main/en/chat_templating"
Keith Skeoch to step up as David Nish quits as chief executive of Standard Life,neutral,"[Error] Cannot use chat template functions because tokenizer.chat_template is not set and no template argument was passed! For information about writing templates and setting the tokenizer.chat_template attribute, please see the documentation at https://huggingface.co/docs/transformers/main/en/chat_templating"
Japan's Asahi to submit bid next week for SABMiller's Grolsch and Peroni - Yomiuri,positive,"[Error] Cannot use chat template functions because tokenizer.chat_template is not set and no template argument was passed! For information about writing templates and setting the tokenizer.chat_template attribute, please see the documentation at https://huggingface.co/docs/transformers/main/en/chat_templating"
Bunzl Lifts Dividend Again As Acquisitions Continue To Boost Profits,positive,"[Error] Cannot use chat template functions because tokenizer.chat_template is not set and no template argument was passed! For information about writing templates and setting the tokenizer.chat_template attribute, please see the documentation at https://huggingface.co/docs/transformers/main/en/chat_templating"
$FB  rejecting HIGHS shortable...at 109,negative,"[Error] Cannot use chat template functions because tokenizer.chat_template is not set and no template argument was passed! For information about writing templates and setting the tokenizer.chat_template attribute, please see the documentation at https://huggingface.co/docs/transformers/main/en/chat_templating"
UK's FTSE has worst day so far in 2015 as BG and Prudential fall,negative,"[Error] Cannot use chat template functions because tokenizer.chat_template is not set and no template argument was passed! For information about writing templates and setting the tokenizer.chat_template attribute, please see the documentation at https://huggingface.co/docs/transformers/main/en/chat_templating"
"Really surprised by how much $FB has now fallen. Thought there'd be some support around the 50d, but I guess not.",negative,"[Error] Cannot use chat template functions because tokenizer.chat_template is not set and no template argument was passed! For information about writing templates and setting the tokenizer.chat_template attribute, please see the documentation at https://huggingface.co/docs/transformers/main/en/chat_templating"
UPDATE 1-AstraZeneca sells rare cancer drug to Sanofi for up to $300 mln,positive,"[Error] Cannot use chat template functions because tokenizer.chat_template is not set and no template argument was passed! For information about writing templates and setting the tokenizer.chat_template attribute, please see the documentation at https://huggingface.co/docs/transformers/main/en/chat_templating"
$HYG Potential continuation Uptrend on a 60'-15'-4' charts http://stks.co/t1Qp6,positive,"[Error] Cannot use chat template functions because tokenizer.chat_template is not set and no template argument was passed! For information about writing templates and setting the tokenizer.chat_template attribute, please see the documentation at https://huggingface.co/docs/transformers/main/en/chat_templating"
$NFLX +3% of the lows,positive,"[Error] Cannot use chat template functions because tokenizer.chat_template is not set and no template argument was passed! For information about writing templates and setting the tokenizer.chat_template attribute, please see the documentation at https://huggingface.co/docs/transformers/main/en/chat_templating"
Word on the street is that Allergen is looking at Endo International after the failed Pfizer merger. May-20 $35 calls active. $ENDP,positive,"[Error] Cannot use chat template functions because tokenizer.chat_template is not set and no template argument was passed! For information about writing templates and setting the tokenizer.chat_template attribute, please see the documentation at https://huggingface.co/docs/transformers/main/en/chat_templating"
Barclays Bonds Rise as Lender Cuts Dividends to Shore Up Capital,positive,"[Error] Cannot use chat template functions because tokenizer.chat_template is not set and no template argument was passed! For information about writing templates and setting the tokenizer.chat_template attribute, please see the documentation at https://huggingface.co/docs/transformers/main/en/chat_templating"
RBS chairman admits surprise at size of regulatory penalties,negative,"[Error] Cannot use chat template functions because tokenizer.chat_template is not set and no template argument was passed! For information about writing templates and setting the tokenizer.chat_template attribute, please see the documentation at https://huggingface.co/docs/transformers/main/en/chat_templating"
Profit taking on $AAPL this morning?  That has to be the pressure on the stock.  I'm still bullish on $AAPL.,positive,"[Error] Cannot use chat template functions because tokenizer.chat_template is not set and no template argument was passed! For information about writing templates and setting the tokenizer.chat_template attribute, please see the documentation at https://huggingface.co/docs/transformers/main/en/chat_templating"
Long $ENDP @ $26.23 on $AGN b/o rumor,positive,"[Error] Cannot use chat template functions because tokenizer.chat_template is not set and no template argument was passed! For information about writing templates and setting the tokenizer.chat_template attribute, please see the documentation at https://huggingface.co/docs/transformers/main/en/chat_templating"
"$SLV -4.44% at 18 now AWFUL, down from 42.50",negative,"[Error] Cannot use chat template functions because tokenizer.chat_template is not set and no template argument was passed! For information about writing templates and setting the tokenizer.chat_template attribute, please see the documentation at https://huggingface.co/docs/transformers/main/en/chat_templating"
Morrisons finance chief to fill gap as CEO leaves early,negative,"[Error] Cannot use chat template functions because tokenizer.chat_template is not set and no template argument was passed! For information about writing templates and setting the tokenizer.chat_template attribute, please see the documentation at https://huggingface.co/docs/transformers/main/en/chat_templating"
"Despite sales growth, UK's Tesco cautions recovery to be bumpy",neutral,"[Error] Cannot use chat template functions because tokenizer.chat_template is not set and no template argument was passed! For information about writing templates and setting the tokenizer.chat_template attribute, please see the documentation at https://huggingface.co/docs/transformers/main/en/chat_templating"
Japan's Nikkei lands Financial Times in $1.3 billion deal,positive,"[Error] Cannot use chat template functions because tokenizer.chat_template is not set and no template argument was passed! For information about writing templates and setting the tokenizer.chat_template attribute, please see the documentation at https://huggingface.co/docs/transformers/main/en/chat_templating"
UPDATE 3-Auto Trader shares leap in UK's biggest private equity-backed listing,positive,"[Error] Cannot use chat template functions because tokenizer.chat_template is not set and no template argument was passed! For information about writing templates and setting the tokenizer.chat_template attribute, please see the documentation at https://huggingface.co/docs/transformers/main/en/chat_templating"
$Oil slid to a four-year low after #OPEC kept its oil production unchanged  http://stks.co/a1IX4 $USO $WTI $Brent,negative,"[Error] Cannot use chat template functions because tokenizer.chat_template is not set and no template argument was passed! For information about writing templates and setting the tokenizer.chat_template attribute, please see the documentation at https://huggingface.co/docs/transformers/main/en/chat_templating"
$FB down 7.5% from this #bearish pattern.  Considering the #bullish sentiment - That's an impressive bearish move https://t.co/TaJF0cH2qh,negative,"[Error] Cannot use chat template functions because tokenizer.chat_template is not set and no template argument was passed! For information about writing templates and setting the tokenizer.chat_template attribute, please see the documentation at https://huggingface.co/docs/transformers/main/en/chat_templating"
Standard Life share price: Insurer buys advice firm Pearson Jones,positive,"[Error] Cannot use chat template functions because tokenizer.chat_template is not set and no template argument was passed! For information about writing templates and setting the tokenizer.chat_template attribute, please see the documentation at https://huggingface.co/docs/transformers/main/en/chat_templating"
NYSE owner ICE may gatecrash Deutsche Boerse-LSE merger,negative,"[Error] Cannot use chat template functions because tokenizer.chat_template is not set and no template argument was passed! For information about writing templates and setting the tokenizer.chat_template attribute, please see the documentation at https://huggingface.co/docs/transformers/main/en/chat_templating"
"$AGN and $PYPL under pressure along with the market, however there were bullish options trades in both this morning https://t.co/9xG5W8nONT",neutral,"[Error] Cannot use chat template functions because tokenizer.chat_template is not set and no template argument was passed! For information about writing templates and setting the tokenizer.chat_template attribute, please see the documentation at https://huggingface.co/docs/transformers/main/en/chat_templating"
$LNT Increases Annual Dividend Target to $1.80/Share from $1.70/Share,positive,"[Error] Cannot use chat template functions because tokenizer.chat_template is not set and no template argument was passed! For information about writing templates and setting the tokenizer.chat_template attribute, please see the documentation at https://huggingface.co/docs/transformers/main/en/chat_templating"
"PRESS: Serco Set To Appoint Roy Gardner, Ex-Centrica, As Chairman - FT",positive,"[Error] Cannot use chat template functions because tokenizer.chat_template is not set and no template argument was passed! For information about writing templates and setting the tokenizer.chat_template attribute, please see the documentation at https://huggingface.co/docs/transformers/main/en/chat_templating"
"@StockTwits: @Kbkiwi: $TSLA Tesla Model S sales exceed target, profitability guidance amended upward: http://stks.co/jQ0w""""",positive,"[Error] Cannot use chat template functions because tokenizer.chat_template is not set and no template argument was passed! For information about writing templates and setting the tokenizer.chat_template attribute, please see the documentation at https://huggingface.co/docs/transformers/main/en/chat_templating"
$AAPL iPhone shipments on track to exceed forecasts - MarketWatch https://t.co/2CXahJIX7d,positive,"[Error] Cannot use chat template functions because tokenizer.chat_template is not set and no template argument was passed! For information about writing templates and setting the tokenizer.chat_template attribute, please see the documentation at https://huggingface.co/docs/transformers/main/en/chat_templating"
The Boeing Company (NYSE:BA) Bearish Trader bets $550K that Stock Will Sell Off 9.79% by July Expiry $BA http://stks.co/tCSE,negative,"[Error] Cannot use chat template functions because tokenizer.chat_template is not set and no template argument was passed! For information about writing templates and setting the tokenizer.chat_template attribute, please see the documentation at https://huggingface.co/docs/transformers/main/en/chat_templating"
StanChart and RBS struggle in Bank of England stress tests,negative,"[Error] Cannot use chat template functions because tokenizer.chat_template is not set and no template argument was passed! For information about writing templates and setting the tokenizer.chat_template attribute, please see the documentation at https://huggingface.co/docs/transformers/main/en/chat_templating"
$DDD 3D Systems (DDD) Stock Receives Ratings Downgrade Today at Jefferies http://stks.co/g1cqd,negative,"[Error] Cannot use chat template functions because tokenizer.chat_template is not set and no template argument was passed! For information about writing templates and setting the tokenizer.chat_template attribute, please see the documentation at https://huggingface.co/docs/transformers/main/en/chat_templating"
"$AMZN trades in mid to upper range. No break out yet, either direction",neutral,"[Error] Cannot use chat template functions because tokenizer.chat_template is not set and no template argument was passed! For information about writing templates and setting the tokenizer.chat_template attribute, please see the documentation at https://huggingface.co/docs/transformers/main/en/chat_templating"
"$WGO's BoD was right to reject the offer. That company is low because of the economy, not because of any type of mismanagement or anything.",neutral,"[Error] Cannot use chat template functions because tokenizer.chat_template is not set and no template argument was passed! For information about writing templates and setting the tokenizer.chat_template attribute, please see the documentation at https://huggingface.co/docs/transformers/main/en/chat_templating"
UPDATE 1-Engineering firm Smiths Group confirms CEO appointment,neutral,"[Error] Cannot use chat template functions because tokenizer.chat_template is not set and no template argument was passed! For information about writing templates and setting the tokenizer.chat_template attribute, please see the documentation at https://huggingface.co/docs/transformers/main/en/chat_templating"
EA Launches Origin Online Game Distribution for Mac http://stks.co/aKTU via MacRumors $EA,positive,"[Error] Cannot use chat template functions because tokenizer.chat_template is not set and no template argument was passed! For information about writing templates and setting the tokenizer.chat_template attribute, please see the documentation at https://huggingface.co/docs/transformers/main/en/chat_templating"
$SPY Long 1/2 position 137.89,positive,"[Error] Cannot use chat template functions because tokenizer.chat_template is not set and no template argument was passed! For information about writing templates and setting the tokenizer.chat_template attribute, please see the documentation at https://huggingface.co/docs/transformers/main/en/chat_templating"
Germanwings disaster will not affect image of budget air travel - easyJet,neutral,"[Error] Cannot use chat template functions because tokenizer.chat_template is not set and no template argument was passed! For information about writing templates and setting the tokenizer.chat_template attribute, please see the documentation at https://huggingface.co/docs/transformers/main/en/chat_templating"
$TSLA recall,negative,"[Error] Cannot use chat template functions because tokenizer.chat_template is not set and no template argument was passed! For information about writing templates and setting the tokenizer.chat_template attribute, please see the documentation at https://huggingface.co/docs/transformers/main/en/chat_templating"
Aviva weighs cash handout after beating profit forecast,positive,"[Error] Cannot use chat template functions because tokenizer.chat_template is not set and no template argument was passed! For information about writing templates and setting the tokenizer.chat_template attribute, please see the documentation at https://huggingface.co/docs/transformers/main/en/chat_templating"
AstraZeneca Acquires ZS Pharma in $2.7 Billion Deal,positive,"[Error] Cannot use chat template functions because tokenizer.chat_template is not set and no template argument was passed! For information about writing templates and setting the tokenizer.chat_template attribute, please see the documentation at https://huggingface.co/docs/transformers/main/en/chat_templating"
Long $TSLA short $MBLY https://t.co/jSpUSzo6na,positive,"[Error] Cannot use chat template functions because tokenizer.chat_template is not set and no template argument was passed! For information about writing templates and setting the tokenizer.chat_template attribute, please see the documentation at https://huggingface.co/docs/transformers/main/en/chat_templating"
$MOS looking good here at $58.65. Calls are active in this month and weekly,positive,"[Error] Cannot use chat template functions because tokenizer.chat_template is not set and no template argument was passed! For information about writing templates and setting the tokenizer.chat_template attribute, please see the documentation at https://huggingface.co/docs/transformers/main/en/chat_templating"
Tesco closes in on new chairman with Dixons Carphone's John Allan in the frame,positive,"[Error] Cannot use chat template functions because tokenizer.chat_template is not set and no template argument was passed! For information about writing templates and setting the tokenizer.chat_template attribute, please see the documentation at https://huggingface.co/docs/transformers/main/en/chat_templating"
"@TraceyRyniec not just energy, it's so broad. You will see it in WWG and Kaman as well. I'd be short $fast",negative,"[Error] Cannot use chat template functions because tokenizer.chat_template is not set and no template argument was passed! For information about writing templates and setting the tokenizer.chat_template attribute, please see the documentation at https://huggingface.co/docs/transformers/main/en/chat_templating"
Sanofi poaches AstraZeneca scientist as new research head,neutral,"[Error] Cannot use chat template functions because tokenizer.chat_template is not set and no template argument was passed! For information about writing templates and setting the tokenizer.chat_template attribute, please see the documentation at https://huggingface.co/docs/transformers/main/en/chat_templating"
$vxx adding to position here !,positive,"[Error] Cannot use chat template functions because tokenizer.chat_template is not set and no template argument was passed! For information about writing templates and setting the tokenizer.chat_template attribute, please see the documentation at https://huggingface.co/docs/transformers/main/en/chat_templating"
$NFLX VISION : short term consolidation then movement higher http://stks.co/j05uu,positive,"[Error] Cannot use chat template functions because tokenizer.chat_template is not set and no template argument was passed! For information about writing templates and setting the tokenizer.chat_template attribute, please see the documentation at https://huggingface.co/docs/transformers/main/en/chat_templating"
$GTE LONG at 7.44,positive,"[Error] Cannot use chat template functions because tokenizer.chat_template is not set and no template argument was passed! For information about writing templates and setting the tokenizer.chat_template attribute, please see the documentation at https://huggingface.co/docs/transformers/main/en/chat_templating"
"Are Aviva plc, Direct Line Insurance Group PLC And Admiral Group plc Set To Soar?",positive,"[Error] Cannot use chat template functions because tokenizer.chat_template is not set and no template argument was passed! For information about writing templates and setting the tokenizer.chat_template attribute, please see the documentation at https://huggingface.co/docs/transformers/main/en/chat_templating"
"$DGI technical alerts: Gilligan's Island Buy Setup, Stochastic Buy Signal, Lizard Bullish, Hammer Candlestick, Wid... http://stks.co/c29Nu",positive,"[Error] Cannot use chat template functions because tokenizer.chat_template is not set and no template argument was passed! For information about writing templates and setting the tokenizer.chat_template attribute, please see the documentation at https://huggingface.co/docs/transformers/main/en/chat_templating"
$SPY extreme win today - 2 cents above 2009  low on 10-year and $SPY up 2 percent - life is a bowl of cherries - great short setting up $$,negative,"[Error] Cannot use chat template functions because tokenizer.chat_template is not set and no template argument was passed! For information about writing templates and setting the tokenizer.chat_template attribute, please see the documentation at https://huggingface.co/docs/transformers/main/en/chat_templating"
"BPI Says Caixabank, Isabel dos Santos Reach Agreement Over Angola Exposure",positive,"[Error] Cannot use chat template functions because tokenizer.chat_template is not set and no template argument was passed! For information about writing templates and setting the tokenizer.chat_template attribute, please see the documentation at https://huggingface.co/docs/transformers/main/en/chat_templating"
Arm slammed by handset sales outlook,negative,"[Error] Cannot use chat template functions because tokenizer.chat_template is not set and no template argument was passed! For information about writing templates and setting the tokenizer.chat_template attribute, please see the documentation at https://huggingface.co/docs/transformers/main/en/chat_templating"
"$P bull flag on the daily, earnings on the table tomorrow +/-12 move.Will straddle this one into earnings..lots of vol guaranteed here",positive,"[Error] Cannot use chat template functions because tokenizer.chat_template is not set and no template argument was passed! For information about writing templates and setting the tokenizer.chat_template attribute, please see the documentation at https://huggingface.co/docs/transformers/main/en/chat_templating"
Facebook $FB received a Buy rating from Wells Fargo 5-star Analyst Peter Stabler (Wells Fargo) https://t.co/jnB4c9vdCu,positive,"[Error] Cannot use chat template functions because tokenizer.chat_template is not set and no template argument was passed! For information about writing templates and setting the tokenizer.chat_template attribute, please see the documentation at https://huggingface.co/docs/transformers/main/en/chat_templating"
$UBNT still having some trouble at the resistance line. Should resolve soon.@cheri1 @strattonite   http://stks.co/c0sU4,neutral,"[Error] Cannot use chat template functions because tokenizer.chat_template is not set and no template argument was passed! For information about writing templates and setting the tokenizer.chat_template attribute, please see the documentation at https://huggingface.co/docs/transformers/main/en/chat_templating"
UPDATE 1-Berkshire applies to boost Wells Fargo stake above 10 pct,positive,"[Error] Cannot use chat template functions because tokenizer.chat_template is not set and no template argument was passed! For information about writing templates and setting the tokenizer.chat_template attribute, please see the documentation at https://huggingface.co/docs/transformers/main/en/chat_templating"
"$AAPL a new long IF 110.61 is broken. Targets are 112.19, 119.86 & 123.82. Bears must retake 102.77. $QQQ $NQ_F $NDX https://t.co/6l3m1wXChw",positive,"[Error] Cannot use chat template functions because tokenizer.chat_template is not set and no template argument was passed! For information about writing templates and setting the tokenizer.chat_template attribute, please see the documentation at https://huggingface.co/docs/transformers/main/en/chat_templating"
Short more $FAZ for all who don't know that means markets will tank now :-p,negative,"[Error] Cannot use chat template functions because tokenizer.chat_template is not set and no template argument was passed! For information about writing templates and setting the tokenizer.chat_template attribute, please see the documentation at https://huggingface.co/docs/transformers/main/en/chat_templating"
"$ONTY Continues to base as debate lingers. ONT-10 data next potential catalyst. If positive, stock quickly moves to $10. Downside limited.",positive,"[Error] Cannot use chat template functions because tokenizer.chat_template is not set and no template argument was passed! For information about writing templates and setting the tokenizer.chat_template attribute, please see the documentation at https://huggingface.co/docs/transformers/main/en/chat_templating"
"$HAL If bulls lucky enuff to get an upside gap fill, better take it. Wouldn't chase it here. http://stks.co/r12Us",neutral,"[Error] Cannot use chat template functions because tokenizer.chat_template is not set and no template argument was passed! For information about writing templates and setting the tokenizer.chat_template attribute, please see the documentation at https://huggingface.co/docs/transformers/main/en/chat_templating"
Preparing for a Breakout Trade in Netflix $NFLX  https://t.co/CzHIX3tuAG $$ https://t.co/z1qb9xa4LD,positive,"[Error] Cannot use chat template functions because tokenizer.chat_template is not set and no template argument was passed! For information about writing templates and setting the tokenizer.chat_template attribute, please see the documentation at https://huggingface.co/docs/transformers/main/en/chat_templating"
@Intuitiv $CLNE gasoline prices spike in California. http://stks.co/t1bOi,positive,"[Error] Cannot use chat template functions because tokenizer.chat_template is not set and no template argument was passed! For information about writing templates and setting the tokenizer.chat_template attribute, please see the documentation at https://huggingface.co/docs/transformers/main/en/chat_templating"
Looking for a strong bounce $SPY -- Lunchtime rally coming. $DIA $IWM $QQQ $AA $FB,positive,"[Error] Cannot use chat template functions because tokenizer.chat_template is not set and no template argument was passed! For information about writing templates and setting the tokenizer.chat_template attribute, please see the documentation at https://huggingface.co/docs/transformers/main/en/chat_templating"
$CHRM Loooooongggggg base,positive,"[Error] Cannot use chat template functions because tokenizer.chat_template is not set and no template argument was passed! For information about writing templates and setting the tokenizer.chat_template attribute, please see the documentation at https://huggingface.co/docs/transformers/main/en/chat_templating"
Tata Steel working with StanChart for UK unit sale - source,positive,"[Error] Cannot use chat template functions because tokenizer.chat_template is not set and no template argument was passed! For information about writing templates and setting the tokenizer.chat_template attribute, please see the documentation at https://huggingface.co/docs/transformers/main/en/chat_templating"
$amzn breaking,positive,"[Error] Cannot use chat template functions because tokenizer.chat_template is not set and no template argument was passed! For information about writing templates and setting the tokenizer.chat_template attribute, please see the documentation at https://huggingface.co/docs/transformers/main/en/chat_templating"
"RT @joemccann the correleation between the dollar index and $SPY is simply amazing. $DX finds support, $SPY retreats like clockwork",negative,"[Error] Cannot use chat template functions because tokenizer.chat_template is not set and no template argument was passed! For information about writing templates and setting the tokenizer.chat_template attribute, please see the documentation at https://huggingface.co/docs/transformers/main/en/chat_templating"
Spain's CaixaBank Expects To Close Deal For Banco BPI,positive,"[Error] Cannot use chat template functions because tokenizer.chat_template is not set and no template argument was passed! For information about writing templates and setting the tokenizer.chat_template attribute, please see the documentation at https://huggingface.co/docs/transformers/main/en/chat_templating"
FDA approves AstraZeneca drug for advanced lung cancer,positive,"[Error] Cannot use chat template functions because tokenizer.chat_template is not set and no template argument was passed! For information about writing templates and setting the tokenizer.chat_template attribute, please see the documentation at https://huggingface.co/docs/transformers/main/en/chat_templating"
UPDATE 5-Barclays Chairman McFarlane axes CEO to speed up strategic change,negative,"[Error] Cannot use chat template functions because tokenizer.chat_template is not set and no template argument was passed! For information about writing templates and setting the tokenizer.chat_template attribute, please see the documentation at https://huggingface.co/docs/transformers/main/en/chat_templating"
"Kraft, Cadbury's and Britvic in Total Recall: how pulling a product affects profit",negative,"[Error] Cannot use chat template functions because tokenizer.chat_template is not set and no template argument was passed! For information about writing templates and setting the tokenizer.chat_template attribute, please see the documentation at https://huggingface.co/docs/transformers/main/en/chat_templating"
RBI surprises Street; Sensex pares gains after hitting mount 30k,negative,"[Error] Cannot use chat template functions because tokenizer.chat_template is not set and no template argument was passed! For information about writing templates and setting the tokenizer.chat_template attribute, please see the documentation at https://huggingface.co/docs/transformers/main/en/chat_templating"
"CompaniesNew Aggreko CEO to reshape business, strip costs",positive,"[Error] Cannot use chat template functions because tokenizer.chat_template is not set and no template argument was passed! For information about writing templates and setting the tokenizer.chat_template attribute, please see the documentation at https://huggingface.co/docs/transformers/main/en/chat_templating"
UPDATE 1-Cypress Semiconductor offers to buy Integrated Silicon Solution,positive,"[Error] Cannot use chat template functions because tokenizer.chat_template is not set and no template argument was passed! For information about writing templates and setting the tokenizer.chat_template attribute, please see the documentation at https://huggingface.co/docs/transformers/main/en/chat_templating"
"Aldi and Lidl expansion plans speed ahead as Tesco, Sainsbury's, Morrisons ...",positive,"[Error] Cannot use chat template functions because tokenizer.chat_template is not set and no template argument was passed! For information about writing templates and setting the tokenizer.chat_template attribute, please see the documentation at https://huggingface.co/docs/transformers/main/en/chat_templating"
Petrofac share price rises despite Â£30m costs on North Sea project,neutral,"[Error] Cannot use chat template functions because tokenizer.chat_template is not set and no template argument was passed! For information about writing templates and setting the tokenizer.chat_template attribute, please see the documentation at https://huggingface.co/docs/transformers/main/en/chat_templating"
RBS will reportedly appoint Howard Davies as its next chairman,neutral,"[Error] Cannot use chat template functions because tokenizer.chat_template is not set and no template argument was passed! For information about writing templates and setting the tokenizer.chat_template attribute, please see the documentation at https://huggingface.co/docs/transformers/main/en/chat_templating"
Royal Mail share price edges lower as group raises stamp price,negative,"[Error] Cannot use chat template functions because tokenizer.chat_template is not set and no template argument was passed! For information about writing templates and setting the tokenizer.chat_template attribute, please see the documentation at https://huggingface.co/docs/transformers/main/en/chat_templating"
$EDU bouncing nicely after add-on (posted),positive,"[Error] Cannot use chat template functions because tokenizer.chat_template is not set and no template argument was passed! For information about writing templates and setting the tokenizer.chat_template attribute, please see the documentation at https://huggingface.co/docs/transformers/main/en/chat_templating"
Entertainment One dispels ITV takeover rumours,neutral,"[Error] Cannot use chat template functions because tokenizer.chat_template is not set and no template argument was passed! For information about writing templates and setting the tokenizer.chat_template attribute, please see the documentation at https://huggingface.co/docs/transformers/main/en/chat_templating"
$NUGT Gold above 1400...wow,positive,"[Error] Cannot use chat template functions because tokenizer.chat_template is not set and no template argument was passed! For information about writing templates and setting the tokenizer.chat_template attribute, please see the documentation at https://huggingface.co/docs/transformers/main/en/chat_templating"
$BBRY nice bounce,positive,"[Error] Cannot use chat template functions because tokenizer.chat_template is not set and no template argument was passed! For information about writing templates and setting the tokenizer.chat_template attribute, please see the documentation at https://huggingface.co/docs/transformers/main/en/chat_templating"
"UPDATE: EasyJet Passenger Numbers, Aer Lingus Traffic Up In February",positive,"[Error] Cannot use chat template functions because tokenizer.chat_template is not set and no template argument was passed! For information about writing templates and setting the tokenizer.chat_template attribute, please see the documentation at https://huggingface.co/docs/transformers/main/en/chat_templating"
BG Group appoints new CEO one month early,neutral,"[Error] Cannot use chat template functions because tokenizer.chat_template is not set and no template argument was passed! For information about writing templates and setting the tokenizer.chat_template attribute, please see the documentation at https://huggingface.co/docs/transformers/main/en/chat_templating"
Diageo Shares Surge on Report of Possible Takeover by Lemann,positive,"[Error] Cannot use chat template functions because tokenizer.chat_template is not set and no template argument was passed! For information about writing templates and setting the tokenizer.chat_template attribute, please see the documentation at https://huggingface.co/docs/transformers/main/en/chat_templating"
"After Barclays and Bank of America, Citigroup has blockchain in sight",positive,"[Error] Cannot use chat template functions because tokenizer.chat_template is not set and no template argument was passed! For information about writing templates and setting the tokenizer.chat_template attribute, please see the documentation at https://huggingface.co/docs/transformers/main/en/chat_templating"
$AAPL Good time to buy. Will the run come before earnings or after?,positive,"[Error] Cannot use chat template functions because tokenizer.chat_template is not set and no template argument was passed! For information about writing templates and setting the tokenizer.chat_template attribute, please see the documentation at https://huggingface.co/docs/transformers/main/en/chat_templating"
Passengers rise at EasyJet and Aer Lingus,positive,"[Error] Cannot use chat template functions because tokenizer.chat_template is not set and no template argument was passed! For information about writing templates and setting the tokenizer.chat_template attribute, please see the documentation at https://huggingface.co/docs/transformers/main/en/chat_templating"
"$HLF shorts made a killing last couple days, might make more if cover and buy back?",negative,"[Error] Cannot use chat template functions because tokenizer.chat_template is not set and no template argument was passed! For information about writing templates and setting the tokenizer.chat_template attribute, please see the documentation at https://huggingface.co/docs/transformers/main/en/chat_templating"
"$JE LOOKS like we are bouncing.  Would be nice to finish over $6 today, and make the hammer.  Nice volume from 5.77 bottom.  Fingers crossed",positive,"[Error] Cannot use chat template functions because tokenizer.chat_template is not set and no template argument was passed! For information about writing templates and setting the tokenizer.chat_template attribute, please see the documentation at https://huggingface.co/docs/transformers/main/en/chat_templating"
$AAPL I'm sure those short are holding their breath hoping for a miracle. lol,positive,"[Error] Cannot use chat template functions because tokenizer.chat_template is not set and no template argument was passed! For information about writing templates and setting the tokenizer.chat_template attribute, please see the documentation at https://huggingface.co/docs/transformers/main/en/chat_templating"
UPDATE: Barclays Expects Gain After Settling With Lehman Bros Trustee,positive,"[Error] Cannot use chat template functions because tokenizer.chat_template is not set and no template argument was passed! For information about writing templates and setting the tokenizer.chat_template attribute, please see the documentation at https://huggingface.co/docs/transformers/main/en/chat_templating"
BULLISH Engulfing of COCA COLA: http://stks.co/fYCo $KO,positive,"[Error] Cannot use chat template functions because tokenizer.chat_template is not set and no template argument was passed! For information about writing templates and setting the tokenizer.chat_template attribute, please see the documentation at https://huggingface.co/docs/transformers/main/en/chat_templating"
$XLB the weakest sector this year and possible false breakout  http://stks.co/dL1Z,negative,"[Error] Cannot use chat template functions because tokenizer.chat_template is not set and no template argument was passed! For information about writing templates and setting the tokenizer.chat_template attribute, please see the documentation at https://huggingface.co/docs/transformers/main/en/chat_templating"
"$YHOO fishy action. New party interested (DailyMail) bounce & retreats. Not short by any means, but action questions big up move. Thoughts?",neutral,"[Error] Cannot use chat template functions because tokenizer.chat_template is not set and no template argument was passed! For information about writing templates and setting the tokenizer.chat_template attribute, please see the documentation at https://huggingface.co/docs/transformers/main/en/chat_templating"
$GPS Gap September Comparable Store Sales -4%,negative,"[Error] Cannot use chat template functions because tokenizer.chat_template is not set and no template argument was passed! For information about writing templates and setting the tokenizer.chat_template attribute, please see the documentation at https://huggingface.co/docs/transformers/main/en/chat_templating"
"$XLF http://stks.co/1KJ9 Bounced off target buy area, bought $skf as a hedge. watch 50ma's slope",negative,"[Error] Cannot use chat template functions because tokenizer.chat_template is not set and no template argument was passed! For information about writing templates and setting the tokenizer.chat_template attribute, please see the documentation at https://huggingface.co/docs/transformers/main/en/chat_templating"
$GALE Breakout Coming Soon!,positive,"[Error] Cannot use chat template functions because tokenizer.chat_template is not set and no template argument was passed! For information about writing templates and setting the tokenizer.chat_template attribute, please see the documentation at https://huggingface.co/docs/transformers/main/en/chat_templating"
Tesco Abandons Video-Streaming Ambitions in Blinkbox Sale,negative,"[Error] Cannot use chat template functions because tokenizer.chat_template is not set and no template argument was passed! For information about writing templates and setting the tokenizer.chat_template attribute, please see the documentation at https://huggingface.co/docs/transformers/main/en/chat_templating"
InterContinental Hotels Group share price climbs on $1.5bn special dividend,positive,"[Error] Cannot use chat template functions because tokenizer.chat_template is not set and no template argument was passed! For information about writing templates and setting the tokenizer.chat_template attribute, please see the documentation at https://huggingface.co/docs/transformers/main/en/chat_templating"
Shell's $70 Billion BG Deal Meets Shareholder Skepticism,negative,"[Error] Cannot use chat template functions because tokenizer.chat_template is not set and no template argument was passed! For information about writing templates and setting the tokenizer.chat_template attribute, please see the documentation at https://huggingface.co/docs/transformers/main/en/chat_templating"
AB InBev offers SABMiller $3 billion breakup fee,positive,"[Error] Cannot use chat template functions because tokenizer.chat_template is not set and no template argument was passed! For information about writing templates and setting the tokenizer.chat_template attribute, please see the documentation at https://huggingface.co/docs/transformers/main/en/chat_templating"
Whitbread share price climbs on Q4 sales growth,positive,"[Error] Cannot use chat template functions because tokenizer.chat_template is not set and no template argument was passed! For information about writing templates and setting the tokenizer.chat_template attribute, please see the documentation at https://huggingface.co/docs/transformers/main/en/chat_templating"
"London open: Taylor Wimpey and Ashtead drive markets higher, Barclays falls",negative,"[Error] Cannot use chat template functions because tokenizer.chat_template is not set and no template argument was passed! For information about writing templates and setting the tokenizer.chat_template attribute, please see the documentation at https://huggingface.co/docs/transformers/main/en/chat_templating"
Glencore slumps 30 percent as debt fears grow,negative,"[Error] Cannot use chat template functions because tokenizer.chat_template is not set and no template argument was passed! For information about writing templates and setting the tokenizer.chat_template attribute, please see the documentation at https://huggingface.co/docs/transformers/main/en/chat_templating"
"Isolationism? Another Sell Rating, Sell Ratings On SPY, QQQ, IWM And Several Companies https://t.co/j35FNnx744 $AAPL #APPLE $AXP $BAC",negative,"[Error] Cannot use chat template functions because tokenizer.chat_template is not set and no template argument was passed! For information about writing templates and setting the tokenizer.chat_template attribute, please see the documentation at https://huggingface.co/docs/transformers/main/en/chat_templating"
$ACAD under $2 today?,negative,"[Error] Cannot use chat template functions because tokenizer.chat_template is not set and no template argument was passed! For information about writing templates and setting the tokenizer.chat_template attribute, please see the documentation at https://huggingface.co/docs/transformers/main/en/chat_templating"
Balfour Beatty plc Set To Reinstate Dividend (And Rival National Grid plc And Centrica PLC Once More?),positive,"[Error] Cannot use chat template functions because tokenizer.chat_template is not set and no template argument was passed! For information about writing templates and setting the tokenizer.chat_template attribute, please see the documentation at https://huggingface.co/docs/transformers/main/en/chat_templating"
"You know that back seat? Don't sit in it. - $TSLA -> Tesla recalls 2,700 Model X cars https://t.co/7J0Gwz89ZC",negative,"[Error] Cannot use chat template functions because tokenizer.chat_template is not set and no template argument was passed! For information about writing templates and setting the tokenizer.chat_template attribute, please see the documentation at https://huggingface.co/docs/transformers/main/en/chat_templating"
Double bottom with handle buy point of 56.49 $WMT http://chart.ly/ml857v3,positive,"[Error] Cannot use chat template functions because tokenizer.chat_template is not set and no template argument was passed! For information about writing templates and setting the tokenizer.chat_template attribute, please see the documentation at https://huggingface.co/docs/transformers/main/en/chat_templating"
"$FB trending nicely, intraday.",positive,"[Error] Cannot use chat template functions because tokenizer.chat_template is not set and no template argument was passed! For information about writing templates and setting the tokenizer.chat_template attribute, please see the documentation at https://huggingface.co/docs/transformers/main/en/chat_templating"
Hargreaves Lansdown share price falls as costs mount - although pensions ...,negative,"[Error] Cannot use chat template functions because tokenizer.chat_template is not set and no template argument was passed! For information about writing templates and setting the tokenizer.chat_template attribute, please see the documentation at https://huggingface.co/docs/transformers/main/en/chat_templating"
$AAPL Right back in ... - Buy the dips brought to you by CNBC. LOL,positive,"[Error] Cannot use chat template functions because tokenizer.chat_template is not set and no template argument was passed! For information about writing templates and setting the tokenizer.chat_template attribute, please see the documentation at https://huggingface.co/docs/transformers/main/en/chat_templating"
$GPRO down 25% since Tue morning.,negative,"[Error] Cannot use chat template functions because tokenizer.chat_template is not set and no template argument was passed! For information about writing templates and setting the tokenizer.chat_template attribute, please see the documentation at https://huggingface.co/docs/transformers/main/en/chat_templating"
BHP Billiton drags FTSE lower after slashing dividend,negative,"[Error] Cannot use chat template functions because tokenizer.chat_template is not set and no template argument was passed! For information about writing templates and setting the tokenizer.chat_template attribute, please see the documentation at https://huggingface.co/docs/transformers/main/en/chat_templating"
StanChart and RBS struggle in Bank of England stress tests,negative,"[Error] Cannot use chat template functions because tokenizer.chat_template is not set and no template argument was passed! For information about writing templates and setting the tokenizer.chat_template attribute, please see the documentation at https://huggingface.co/docs/transformers/main/en/chat_templating"
Dixons Carphone profit boost on strong sales,positive,"[Error] Cannot use chat template functions because tokenizer.chat_template is not set and no template argument was passed! For information about writing templates and setting the tokenizer.chat_template attribute, please see the documentation at https://huggingface.co/docs/transformers/main/en/chat_templating"
Tesco share price closes higher as two more directors leave grocer,positive,"[Error] Cannot use chat template functions because tokenizer.chat_template is not set and no template argument was passed! For information about writing templates and setting the tokenizer.chat_template attribute, please see the documentation at https://huggingface.co/docs/transformers/main/en/chat_templating"
$GOOGL is a short below 740 into the upper BB and is overbought,negative,"[Error] Cannot use chat template functions because tokenizer.chat_template is not set and no template argument was passed! For information about writing templates and setting the tokenizer.chat_template attribute, please see the documentation at https://huggingface.co/docs/transformers/main/en/chat_templating"
Glaxo's ViiV Healthcare Signs China Manufacturing Deal With Desano,positive,"[Error] Cannot use chat template functions because tokenizer.chat_template is not set and no template argument was passed! For information about writing templates and setting the tokenizer.chat_template attribute, please see the documentation at https://huggingface.co/docs/transformers/main/en/chat_templating"
Companies Thetrainline.com announces arrival of London IPO,positive,"[Error] Cannot use chat template functions because tokenizer.chat_template is not set and no template argument was passed! For information about writing templates and setting the tokenizer.chat_template attribute, please see the documentation at https://huggingface.co/docs/transformers/main/en/chat_templating"
FDA Approves AstraZeneca's Iressa As Lung Cancer Treatment,positive,"[Error] Cannot use chat template functions because tokenizer.chat_template is not set and no template argument was passed! For information about writing templates and setting the tokenizer.chat_template attribute, please see the documentation at https://huggingface.co/docs/transformers/main/en/chat_templating"
"Nine banks including Barclays, Citi, agree to pay $2 billion to settle forex ...",negative,"[Error] Cannot use chat template functions because tokenizer.chat_template is not set and no template argument was passed! For information about writing templates and setting the tokenizer.chat_template attribute, please see the documentation at https://huggingface.co/docs/transformers/main/en/chat_templating"
"FastJet slams EasyJet founder Stelios for going public, is 'taking legal advice' over letter about contractual ...",negative,"[Error] Cannot use chat template functions because tokenizer.chat_template is not set and no template argument was passed! For information about writing templates and setting the tokenizer.chat_template attribute, please see the documentation at https://huggingface.co/docs/transformers/main/en/chat_templating"
$PCLN Back to Back intraday reversals look out below. Shorts moving in!,negative,"[Error] Cannot use chat template functions because tokenizer.chat_template is not set and no template argument was passed! For information about writing templates and setting the tokenizer.chat_template attribute, please see the documentation at https://huggingface.co/docs/transformers/main/en/chat_templating"
"Sudden optimism about iPhone sales (i.e., not as bad as expected) gives Apple $AAPL a lift.  https://t.co/oKTCw4YiB5",positive,"[Error] Cannot use chat template functions because tokenizer.chat_template is not set and no template argument was passed! For information about writing templates and setting the tokenizer.chat_template attribute, please see the documentation at https://huggingface.co/docs/transformers/main/en/chat_templating"
$PRLB hanging tough in down market due to analyst upgrades last week. Up almost 3%.,positive,"[Error] Cannot use chat template functions because tokenizer.chat_template is not set and no template argument was passed! For information about writing templates and setting the tokenizer.chat_template attribute, please see the documentation at https://huggingface.co/docs/transformers/main/en/chat_templating"
$FB still a dog going much lower this week,negative,"[Error] Cannot use chat template functions because tokenizer.chat_template is not set and no template argument was passed! For information about writing templates and setting the tokenizer.chat_template attribute, please see the documentation at https://huggingface.co/docs/transformers/main/en/chat_templating"
$IDCC - $89 share total value of company after crunching #'s. The 4g technology is their diamond in the rough.,positive,"[Error] Cannot use chat template functions because tokenizer.chat_template is not set and no template argument was passed! For information about writing templates and setting the tokenizer.chat_template attribute, please see the documentation at https://huggingface.co/docs/transformers/main/en/chat_templating"
"$INTC & $AAPL strong, tech leads DOW higher",positive,"[Error] Cannot use chat template functions because tokenizer.chat_template is not set and no template argument was passed! For information about writing templates and setting the tokenizer.chat_template attribute, please see the documentation at https://huggingface.co/docs/transformers/main/en/chat_templating"
"$SPY Less than 0.2% down and people are calling it bearish. Some heading for exits already. Maybe 1% down will be ""the crash""? Disturbing!",negative,"[Error] Cannot use chat template functions because tokenizer.chat_template is not set and no template argument was passed! For information about writing templates and setting the tokenizer.chat_template attribute, please see the documentation at https://huggingface.co/docs/transformers/main/en/chat_templating"
Investors Remain Skeptical About Shell-BG Deal,negative,"[Error] Cannot use chat template functions because tokenizer.chat_template is not set and no template argument was passed! For information about writing templates and setting the tokenizer.chat_template attribute, please see the documentation at https://huggingface.co/docs/transformers/main/en/chat_templating"
Citigroup to Sell OneMain to Springleaf for $4.25 Billion,positive,"[Error] Cannot use chat template functions because tokenizer.chat_template is not set and no template argument was passed! For information about writing templates and setting the tokenizer.chat_template attribute, please see the documentation at https://huggingface.co/docs/transformers/main/en/chat_templating"
"@Stockoptionexpert: $MAT - 6%, big trader added 10000 April put contracts 3 days ago  http://stks.co/c1Ols",negative,"[Error] Cannot use chat template functions because tokenizer.chat_template is not set and no template argument was passed! For information about writing templates and setting the tokenizer.chat_template attribute, please see the documentation at https://huggingface.co/docs/transformers/main/en/chat_templating"
Starbucks' Digital Strategy To Drive Significant Growth With Customer Loyalty $SBUX https://t.co/Xk6lZ3UI3K,positive,"[Error] Cannot use chat template functions because tokenizer.chat_template is not set and no template argument was passed! For information about writing templates and setting the tokenizer.chat_template attribute, please see the documentation at https://huggingface.co/docs/transformers/main/en/chat_templating"
$SIGA Bid for Reargument Denied by Judge,negative,"[Error] Cannot use chat template functions because tokenizer.chat_template is not set and no template argument was passed! For information about writing templates and setting the tokenizer.chat_template attribute, please see the documentation at https://huggingface.co/docs/transformers/main/en/chat_templating"
"$RUSS Don't catch falling knives, but I think an entry is coming soon on this",positive,"[Error] Cannot use chat template functions because tokenizer.chat_template is not set and no template argument was passed! For information about writing templates and setting the tokenizer.chat_template attribute, please see the documentation at https://huggingface.co/docs/transformers/main/en/chat_templating"
Long $GPRO for a brealout trade,positive,"[Error] Cannot use chat template functions because tokenizer.chat_template is not set and no template argument was passed! For information about writing templates and setting the tokenizer.chat_template attribute, please see the documentation at https://huggingface.co/docs/transformers/main/en/chat_templating"
$GNRC finding support at its 10-day line so far.,positive,"[Error] Cannot use chat template functions because tokenizer.chat_template is not set and no template argument was passed! For information about writing templates and setting the tokenizer.chat_template attribute, please see the documentation at https://huggingface.co/docs/transformers/main/en/chat_templating"
$TSLA You have to love these types of articles. SS interest rose on 12/15 on day before we hit our lows. http://stks.co/c1QKr,negative,"[Error] Cannot use chat template functions because tokenizer.chat_template is not set and no template argument was passed! For information about writing templates and setting the tokenizer.chat_template attribute, please see the documentation at https://huggingface.co/docs/transformers/main/en/chat_templating"
$TSLA announces a recall and the stock doesn't sell off. This stock is teflon. Won't last forever.,positive,"[Error] Cannot use chat template functions because tokenizer.chat_template is not set and no template argument was passed! For information about writing templates and setting the tokenizer.chat_template attribute, please see the documentation at https://huggingface.co/docs/transformers/main/en/chat_templating"
Diageo Sells Ryder Cup Venue Gleneagles Hotel to Ennismore Group,positive,"[Error] Cannot use chat template functions because tokenizer.chat_template is not set and no template argument was passed! For information about writing templates and setting the tokenizer.chat_template attribute, please see the documentation at https://huggingface.co/docs/transformers/main/en/chat_templating"
UK WINNERS & LOSERS: Aviva And Friends Life Lead FTSE 100 Gainers,positive,"[Error] Cannot use chat template functions because tokenizer.chat_template is not set and no template argument was passed! For information about writing templates and setting the tokenizer.chat_template attribute, please see the documentation at https://huggingface.co/docs/transformers/main/en/chat_templating"
AstraZeneca And Daiichi Sankyo To Jointly Commercialise MOVANTIK In The US,positive,"[Error] Cannot use chat template functions because tokenizer.chat_template is not set and no template argument was passed! For information about writing templates and setting the tokenizer.chat_template attribute, please see the documentation at https://huggingface.co/docs/transformers/main/en/chat_templating"
$TSLA weakest in todays DT watchlist,negative,"[Error] Cannot use chat template functions because tokenizer.chat_template is not set and no template argument was passed! For information about writing templates and setting the tokenizer.chat_template attribute, please see the documentation at https://huggingface.co/docs/transformers/main/en/chat_templating"
End Of Day Scan: Bullish MA  Crossovers $BBVA $PDS $NTLS $NGL $SBRCY $FGL $MTNOY $TTT  www.dailystockplays.com,positive,"[Error] Cannot use chat template functions because tokenizer.chat_template is not set and no template argument was passed! For information about writing templates and setting the tokenizer.chat_template attribute, please see the documentation at https://huggingface.co/docs/transformers/main/en/chat_templating"
CompaniesHoward Davies appointment as RBS director delayed,neutral,"[Error] Cannot use chat template functions because tokenizer.chat_template is not set and no template argument was passed! For information about writing templates and setting the tokenizer.chat_template attribute, please see the documentation at https://huggingface.co/docs/transformers/main/en/chat_templating"
$FB gettin in the buy zone soon ;),positive,"[Error] Cannot use chat template functions because tokenizer.chat_template is not set and no template argument was passed! For information about writing templates and setting the tokenizer.chat_template attribute, please see the documentation at https://huggingface.co/docs/transformers/main/en/chat_templating"
"$NFLX small pos, short 180 wkly puts.",negative,"[Error] Cannot use chat template functions because tokenizer.chat_template is not set and no template argument was passed! For information about writing templates and setting the tokenizer.chat_template attribute, please see the documentation at https://huggingface.co/docs/transformers/main/en/chat_templating"
Synergy Pharma Soars 67% Today On Positive Phase 3 Results $SGYP http://stks.co/j2awg,positive,"[Error] Cannot use chat template functions because tokenizer.chat_template is not set and no template argument was passed! For information about writing templates and setting the tokenizer.chat_template attribute, please see the documentation at https://huggingface.co/docs/transformers/main/en/chat_templating"
$REN bottoming out again.. Good time to buy,positive,"[Error] Cannot use chat template functions because tokenizer.chat_template is not set and no template argument was passed! For information about writing templates and setting the tokenizer.chat_template attribute, please see the documentation at https://huggingface.co/docs/transformers/main/en/chat_templating"
"$AAPL Taking out the shorts here, a punishing reminder not to spear the  strongest in the herd.",positive,"[Error] Cannot use chat template functions because tokenizer.chat_template is not set and no template argument was passed! For information about writing templates and setting the tokenizer.chat_template attribute, please see the documentation at https://huggingface.co/docs/transformers/main/en/chat_templating"
ITV share price: Group mulls takeover of Canada's Entertainment One,positive,"[Error] Cannot use chat template functions because tokenizer.chat_template is not set and no template argument was passed! For information about writing templates and setting the tokenizer.chat_template attribute, please see the documentation at https://huggingface.co/docs/transformers/main/en/chat_templating"
"It's a bad idea to make 5 min predictions based on faith: RT @dandyduct $AAPL Sell signal hit at 584, it will go down for the next 5 min",negative,"[Error] Cannot use chat template functions because tokenizer.chat_template is not set and no template argument was passed! For information about writing templates and setting the tokenizer.chat_template attribute, please see the documentation at https://huggingface.co/docs/transformers/main/en/chat_templating"
Glencore fight back over debt fears lifts shares,positive,"[Error] Cannot use chat template functions because tokenizer.chat_template is not set and no template argument was passed! For information about writing templates and setting the tokenizer.chat_template attribute, please see the documentation at https://huggingface.co/docs/transformers/main/en/chat_templating"
Yahoo stock is up to $36.46 as the bidding war picks up for the company https://t.co/JDNZXDCMkl $YHOO https://t.co/HmOegfHgvn,positive,"[Error] Cannot use chat template functions because tokenizer.chat_template is not set and no template argument was passed! For information about writing templates and setting the tokenizer.chat_template attribute, please see the documentation at https://huggingface.co/docs/transformers/main/en/chat_templating"
$ES_F. Nice little cup-and-handle shaping up on the 15-minute. End-of-day $SPY $SPX favours a good day for the index. Will we see a gap open,positive,"[Error] Cannot use chat template functions because tokenizer.chat_template is not set and no template argument was passed! For information about writing templates and setting the tokenizer.chat_template attribute, please see the documentation at https://huggingface.co/docs/transformers/main/en/chat_templating"
"@SOULLOR the regular scrappy Q $SWY usually presents. Sales weak, margins down, debt still way up.",negative,"[Error] Cannot use chat template functions because tokenizer.chat_template is not set and no template argument was passed! For information about writing templates and setting the tokenizer.chat_template attribute, please see the documentation at https://huggingface.co/docs/transformers/main/en/chat_templating"
"Sainsbury's, Asda, Tesco and Morrisons will all cut petrol prices as oil falls ...",negative,"[Error] Cannot use chat template functions because tokenizer.chat_template is not set and no template argument was passed! For information about writing templates and setting the tokenizer.chat_template attribute, please see the documentation at https://huggingface.co/docs/transformers/main/en/chat_templating"
what is up with $HK..... from Jan to now it's been a sinking ship...,negative,"[Error] Cannot use chat template functions because tokenizer.chat_template is not set and no template argument was passed! For information about writing templates and setting the tokenizer.chat_template attribute, please see the documentation at https://huggingface.co/docs/transformers/main/en/chat_templating"
$DISH weakness continues again. 49.43 area resistance after last week,negative,"[Error] Cannot use chat template functions because tokenizer.chat_template is not set and no template argument was passed! For information about writing templates and setting the tokenizer.chat_template attribute, please see the documentation at https://huggingface.co/docs/transformers/main/en/chat_templating"
GKN to buy Fokker Technologies for 706 mln euros,positive,"[Error] Cannot use chat template functions because tokenizer.chat_template is not set and no template argument was passed! For information about writing templates and setting the tokenizer.chat_template attribute, please see the documentation at https://huggingface.co/docs/transformers/main/en/chat_templating"
Crown Castle buys Tower Development Corp for $461 million,positive,"[Error] Cannot use chat template functions because tokenizer.chat_template is not set and no template argument was passed! For information about writing templates and setting the tokenizer.chat_template attribute, please see the documentation at https://huggingface.co/docs/transformers/main/en/chat_templating"
"$SSYS just re-tested lows . Should rise steadily from here. It hit $81 just 21 trading days ago, and $130.86 on Sept 18. It'll do it again.",positive,"[Error] Cannot use chat template functions because tokenizer.chat_template is not set and no template argument was passed! For information about writing templates and setting the tokenizer.chat_template attribute, please see the documentation at https://huggingface.co/docs/transformers/main/en/chat_templating"
$AMZN long into earnings. looks good over 600,positive,"[Error] Cannot use chat template functions because tokenizer.chat_template is not set and no template argument was passed! For information about writing templates and setting the tokenizer.chat_template attribute, please see the documentation at https://huggingface.co/docs/transformers/main/en/chat_templating"
"Tesla is recalling 2,700 Model X cars: https://t.co/8Z7BkVsTl9 $TSLA",negative,"[Error] Cannot use chat template functions because tokenizer.chat_template is not set and no template argument was passed! For information about writing templates and setting the tokenizer.chat_template attribute, please see the documentation at https://huggingface.co/docs/transformers/main/en/chat_templating"
energy still failing to close above the 10D MA.  continues to stand out weak $XLE,negative,"[Error] Cannot use chat template functions because tokenizer.chat_template is not set and no template argument was passed! For information about writing templates and setting the tokenizer.chat_template attribute, please see the documentation at https://huggingface.co/docs/transformers/main/en/chat_templating"
Persimmon share price climbs on 23% rise in full-year revenue,positive,"[Error] Cannot use chat template functions because tokenizer.chat_template is not set and no template argument was passed! For information about writing templates and setting the tokenizer.chat_template attribute, please see the documentation at https://huggingface.co/docs/transformers/main/en/chat_templating"
Royal Dutch Shell profit rises; dividend up 4%,positive,"[Error] Cannot use chat template functions because tokenizer.chat_template is not set and no template argument was passed! For information about writing templates and setting the tokenizer.chat_template attribute, please see the documentation at https://huggingface.co/docs/transformers/main/en/chat_templating"
Exact (EXAS) Flagged As Strong On High Volume $EXAS http://stks.co/r26Ra,positive,"[Error] Cannot use chat template functions because tokenizer.chat_template is not set and no template argument was passed! For information about writing templates and setting the tokenizer.chat_template attribute, please see the documentation at https://huggingface.co/docs/transformers/main/en/chat_templating"
$TSLA I see more downside in next two weeks be careful -20 dollars drop potential vs +10 up moved,negative,"[Error] Cannot use chat template functions because tokenizer.chat_template is not set and no template argument was passed! For information about writing templates and setting the tokenizer.chat_template attribute, please see the documentation at https://huggingface.co/docs/transformers/main/en/chat_templating"
Tesco sales rise shows tentative recovery continues,positive,"[Error] Cannot use chat template functions because tokenizer.chat_template is not set and no template argument was passed! For information about writing templates and setting the tokenizer.chat_template attribute, please see the documentation at https://huggingface.co/docs/transformers/main/en/chat_templating"
HSBC appoints business leaders to board,positive,"[Error] Cannot use chat template functions because tokenizer.chat_template is not set and no template argument was passed! For information about writing templates and setting the tokenizer.chat_template attribute, please see the documentation at https://huggingface.co/docs/transformers/main/en/chat_templating"
"GlaxoSmithKline targets growth across units, scraps ViiV IPO",positive,"[Error] Cannot use chat template functions because tokenizer.chat_template is not set and no template argument was passed! For information about writing templates and setting the tokenizer.chat_template attribute, please see the documentation at https://huggingface.co/docs/transformers/main/en/chat_templating"
"$QCOM The indicator RSI is over 50, which stands at 56.1, an upward movement is expected. https://t.co/yfa9jcUsQa",positive,"[Error] Cannot use chat template functions because tokenizer.chat_template is not set and no template argument was passed! For information about writing templates and setting the tokenizer.chat_template attribute, please see the documentation at https://huggingface.co/docs/transformers/main/en/chat_templating"
Philippines' San Miguel says to partner with Kirin if it bids for SABMiller's ...,positive,"[Error] Cannot use chat template functions because tokenizer.chat_template is not set and no template argument was passed! For information about writing templates and setting the tokenizer.chat_template attribute, please see the documentation at https://huggingface.co/docs/transformers/main/en/chat_templating"
Drugmaker Shire to buy Baxalta for $32 billion after 6-month pursuit,positive,"[Error] Cannot use chat template functions because tokenizer.chat_template is not set and no template argument was passed! For information about writing templates and setting the tokenizer.chat_template attribute, please see the documentation at https://huggingface.co/docs/transformers/main/en/chat_templating"
Petrofac books further Â£30m cost for Shetland gas terminal delays,negative,"[Error] Cannot use chat template functions because tokenizer.chat_template is not set and no template argument was passed! For information about writing templates and setting the tokenizer.chat_template attribute, please see the documentation at https://huggingface.co/docs/transformers/main/en/chat_templating"
"Also, BMO had just initiated $incy with an outperform yesterday, while several other firms all reiterated buy ratings.",positive,"[Error] Cannot use chat template functions because tokenizer.chat_template is not set and no template argument was passed! For information about writing templates and setting the tokenizer.chat_template attribute, please see the documentation at https://huggingface.co/docs/transformers/main/en/chat_templating"
Tesco sells Blinkbox and broadband service to TalkTalk,positive,"[Error] Cannot use chat template functions because tokenizer.chat_template is not set and no template argument was passed! For information about writing templates and setting the tokenizer.chat_template attribute, please see the documentation at https://huggingface.co/docs/transformers/main/en/chat_templating"
AstraZeneca Teams With Daiichi Sankyo To Sell Movantik In US,positive,"[Error] Cannot use chat template functions because tokenizer.chat_template is not set and no template argument was passed! For information about writing templates and setting the tokenizer.chat_template attribute, please see the documentation at https://huggingface.co/docs/transformers/main/en/chat_templating"
$ACOM http://stks.co/1G6x Downside breakout looks to be coming soon.,negative,"[Error] Cannot use chat template functions because tokenizer.chat_template is not set and no template argument was passed! For information about writing templates and setting the tokenizer.chat_template attribute, please see the documentation at https://huggingface.co/docs/transformers/main/en/chat_templating"
$TSLA Wish had my puts back but see if we can find support around 243.39 and pop up so that I can get back in. https://t.co/hFkLq3WObV,negative,"[Error] Cannot use chat template functions because tokenizer.chat_template is not set and no template argument was passed! For information about writing templates and setting the tokenizer.chat_template attribute, please see the documentation at https://huggingface.co/docs/transformers/main/en/chat_templating"
$FB slight green... May be runner later,positive,"[Error] Cannot use chat template functions because tokenizer.chat_template is not set and no template argument was passed! For information about writing templates and setting the tokenizer.chat_template attribute, please see the documentation at https://huggingface.co/docs/transformers/main/en/chat_templating"
$AAPL Dips being bought up real quick. Higher lows fo sho,positive,"[Error] Cannot use chat template functions because tokenizer.chat_template is not set and no template argument was passed! For information about writing templates and setting the tokenizer.chat_template attribute, please see the documentation at https://huggingface.co/docs/transformers/main/en/chat_templating"
$SPY  still wants higher I think.,positive,"[Error] Cannot use chat template functions because tokenizer.chat_template is not set and no template argument was passed! For information about writing templates and setting the tokenizer.chat_template attribute, please see the documentation at https://huggingface.co/docs/transformers/main/en/chat_templating"
"Still short $LNG from $11.70 area...next stop could be down through $9.00. Someone slammed it hard with 230,000 shs this am! More to follow",negative,"[Error] Cannot use chat template functions because tokenizer.chat_template is not set and no template argument was passed! For information about writing templates and setting the tokenizer.chat_template attribute, please see the documentation at https://huggingface.co/docs/transformers/main/en/chat_templating"
$COST short finally making gains. I will take half my gains at 147,negative,"[Error] Cannot use chat template functions because tokenizer.chat_template is not set and no template argument was passed! For information about writing templates and setting the tokenizer.chat_template attribute, please see the documentation at https://huggingface.co/docs/transformers/main/en/chat_templating"
Kinder Morgan and BP Form Joint Venture Limited Liability Company to Purchase ...,positive,"[Error] Cannot use chat template functions because tokenizer.chat_template is not set and no template argument was passed! For information about writing templates and setting the tokenizer.chat_template attribute, please see the documentation at https://huggingface.co/docs/transformers/main/en/chat_templating"
MT @TheAcsMan Amazing seeing everyone suddenly touting $MSFT. Long been favorite covered call & double dip dividend play.,positive,"[Error] Cannot use chat template functions because tokenizer.chat_template is not set and no template argument was passed! For information about writing templates and setting the tokenizer.chat_template attribute, please see the documentation at https://huggingface.co/docs/transformers/main/en/chat_templating"
"DBS, Julius Baer emerge as potential bidders for Barclays Asia wealth unit ...",positive,"[Error] Cannot use chat template functions because tokenizer.chat_template is not set and no template argument was passed! For information about writing templates and setting the tokenizer.chat_template attribute, please see the documentation at https://huggingface.co/docs/transformers/main/en/chat_templating"
"Sainsbury's, Asda, Tesco and Morrisons will all cut petrol prices as oil falls ...",negative,"[Error] Cannot use chat template functions because tokenizer.chat_template is not set and no template argument was passed! For information about writing templates and setting the tokenizer.chat_template attribute, please see the documentation at https://huggingface.co/docs/transformers/main/en/chat_templating"
Hard to find new buyers of $TSLA at 250.  Shorts continue to pile in.,negative,"[Error] Cannot use chat template functions because tokenizer.chat_template is not set and no template argument was passed! For information about writing templates and setting the tokenizer.chat_template attribute, please see the documentation at https://huggingface.co/docs/transformers/main/en/chat_templating"
$FB (110.20) is starting to show some relative strength and signs of potential B/O on the daily.,positive,"[Error] Cannot use chat template functions because tokenizer.chat_template is not set and no template argument was passed! For information about writing templates and setting the tokenizer.chat_template attribute, please see the documentation at https://huggingface.co/docs/transformers/main/en/chat_templating"
Glencore chief blames rivals' overproduction for share price fall,negative,"[Error] Cannot use chat template functions because tokenizer.chat_template is not set and no template argument was passed! For information about writing templates and setting the tokenizer.chat_template attribute, please see the documentation at https://huggingface.co/docs/transformers/main/en/chat_templating"
$IBM staying strong,positive,"[Error] Cannot use chat template functions because tokenizer.chat_template is not set and no template argument was passed! For information about writing templates and setting the tokenizer.chat_template attribute, please see the documentation at https://huggingface.co/docs/transformers/main/en/chat_templating"
$aapl short term fund/redemption liquidations.. Should have the channel cleared soon and on solid footing. $520 is new floor come July! :),negative,"[Error] Cannot use chat template functions because tokenizer.chat_template is not set and no template argument was passed! For information about writing templates and setting the tokenizer.chat_template attribute, please see the documentation at https://huggingface.co/docs/transformers/main/en/chat_templating"
"RPT-Old Mutual Q1 gross sales beat forecasts, up 18 pct",positive,"[Error] Cannot use chat template functions because tokenizer.chat_template is not set and no template argument was passed! For information about writing templates and setting the tokenizer.chat_template attribute, please see the documentation at https://huggingface.co/docs/transformers/main/en/chat_templating"
$AAPL 620 resistance area,neutral,"[Error] Cannot use chat template functions because tokenizer.chat_template is not set and no template argument was passed! For information about writing templates and setting the tokenizer.chat_template attribute, please see the documentation at https://huggingface.co/docs/transformers/main/en/chat_templating"
Australia clears AB Inbev's $100 billion SABMiller buyout plan,positive,"[Error] Cannot use chat template functions because tokenizer.chat_template is not set and no template argument was passed! For information about writing templates and setting the tokenizer.chat_template attribute, please see the documentation at https://huggingface.co/docs/transformers/main/en/chat_templating"
Barclays appoints JPMorgan's Paul Compton as new COO,neutral,"[Error] Cannot use chat template functions because tokenizer.chat_template is not set and no template argument was passed! For information about writing templates and setting the tokenizer.chat_template attribute, please see the documentation at https://huggingface.co/docs/transformers/main/en/chat_templating"
"$INTU is in the process of streamlining its structure, especially through divestment of non-core businesses   https://t.co/dR5baNun2u",positive,"[Error] Cannot use chat template functions because tokenizer.chat_template is not set and no template argument was passed! For information about writing templates and setting the tokenizer.chat_template attribute, please see the documentation at https://huggingface.co/docs/transformers/main/en/chat_templating"
"$TXRH reports Q1 EPS of $0.37 versus the estimated $0.35, beating by $0.02. EPS were Up 19% from the same quarter last year.",positive,"[Error] Cannot use chat template functions because tokenizer.chat_template is not set and no template argument was passed! For information about writing templates and setting the tokenizer.chat_template attribute, please see the documentation at https://huggingface.co/docs/transformers/main/en/chat_templating"
Nasdaq Sets Up for Breakout Part II | via @AllStarCharts http://stks.co/15Nv  $GOOG $AMZN $QCOM,positive,"[Error] Cannot use chat template functions because tokenizer.chat_template is not set and no template argument was passed! For information about writing templates and setting the tokenizer.chat_template attribute, please see the documentation at https://huggingface.co/docs/transformers/main/en/chat_templating"
"$TSLA TO RECALL 2,700 MODEL X SUVS FOR SEAT-BELT FIX",negative,"[Error] Cannot use chat template functions because tokenizer.chat_template is not set and no template argument was passed! For information about writing templates and setting the tokenizer.chat_template attribute, please see the documentation at https://huggingface.co/docs/transformers/main/en/chat_templating"
Reed Elsevier share price slides on underwhelming full-year results,negative,"[Error] Cannot use chat template functions because tokenizer.chat_template is not set and no template argument was passed! For information about writing templates and setting the tokenizer.chat_template attribute, please see the documentation at https://huggingface.co/docs/transformers/main/en/chat_templating"
"FDA approves NPS drug, in move validating Shire takeover deal",positive,"[Error] Cannot use chat template functions because tokenizer.chat_template is not set and no template argument was passed! For information about writing templates and setting the tokenizer.chat_template attribute, please see the documentation at https://huggingface.co/docs/transformers/main/en/chat_templating"
Shell share price: Standard Life announce position against BG acquisition,neutral,"[Error] Cannot use chat template functions because tokenizer.chat_template is not set and no template argument was passed! For information about writing templates and setting the tokenizer.chat_template attribute, please see the documentation at https://huggingface.co/docs/transformers/main/en/chat_templating"
"Casinos red before the bell: $LVS -0.75%, $WYNN -0.47%, $WYNN -0.47% > unusual comibinations of what's running, what's red before the bell",negative,"[Error] Cannot use chat template functions because tokenizer.chat_template is not set and no template argument was passed! For information about writing templates and setting the tokenizer.chat_template attribute, please see the documentation at https://huggingface.co/docs/transformers/main/en/chat_templating"
$TSLA <STUDY the CHARTS> Pullback_Time https://t.co/ZMDG0fb3I7,negative,"[Error] Cannot use chat template functions because tokenizer.chat_template is not set and no template argument was passed! For information about writing templates and setting the tokenizer.chat_template attribute, please see the documentation at https://huggingface.co/docs/transformers/main/en/chat_templating"
"$IMRS - it's important to be pragmatic in analysis...high prices could offer head-winds....bullish story intact,evenif the market rolls over",positive,"[Error] Cannot use chat template functions because tokenizer.chat_template is not set and no template argument was passed! For information about writing templates and setting the tokenizer.chat_template attribute, please see the documentation at https://huggingface.co/docs/transformers/main/en/chat_templating"
$AAPL price momentum weakening going into the close.,negative,"[Error] Cannot use chat template functions because tokenizer.chat_template is not set and no template argument was passed! For information about writing templates and setting the tokenizer.chat_template attribute, please see the documentation at https://huggingface.co/docs/transformers/main/en/chat_templating"
"London open: Taylor Wimpey and Ashtead drive markets higher, Barclays falls",positive,"[Error] Cannot use chat template functions because tokenizer.chat_template is not set and no template argument was passed! For information about writing templates and setting the tokenizer.chat_template attribute, please see the documentation at https://huggingface.co/docs/transformers/main/en/chat_templating"
Breaking 52 week highs timing looks great now $AHS $BABY $POST $IGE $IRDM $EWBC $PHYS $ULTA $VNET $BIV https://t.co/11K8JzuzMU,positive,"[Error] Cannot use chat template functions because tokenizer.chat_template is not set and no template argument was passed! For information about writing templates and setting the tokenizer.chat_template attribute, please see the documentation at https://huggingface.co/docs/transformers/main/en/chat_templating"
$BAC in for swing trade  looks like want go up,positive,"[Error] Cannot use chat template functions because tokenizer.chat_template is not set and no template argument was passed! For information about writing templates and setting the tokenizer.chat_template attribute, please see the documentation at https://huggingface.co/docs/transformers/main/en/chat_templating"
$ETN UPGRADE today by MS to overweight.  Excellent company and leadership,positive,"[Error] Cannot use chat template functions because tokenizer.chat_template is not set and no template argument was passed! For information about writing templates and setting the tokenizer.chat_template attribute, please see the documentation at https://huggingface.co/docs/transformers/main/en/chat_templating"
$PLUG bear raid,negative,"[Error] Cannot use chat template functions because tokenizer.chat_template is not set and no template argument was passed! For information about writing templates and setting the tokenizer.chat_template attribute, please see the documentation at https://huggingface.co/docs/transformers/main/en/chat_templating"
Lloyds to cut 945 jobs as part of three-year restructuring strategy,negative,"[Error] Cannot use chat template functions because tokenizer.chat_template is not set and no template argument was passed! For information about writing templates and setting the tokenizer.chat_template attribute, please see the documentation at https://huggingface.co/docs/transformers/main/en/chat_templating"
Spain's Caixabank launches new takeover bid for Banco BPI,positive,"[Error] Cannot use chat template functions because tokenizer.chat_template is not set and no template argument was passed! For information about writing templates and setting the tokenizer.chat_template attribute, please see the documentation at https://huggingface.co/docs/transformers/main/en/chat_templating"
long $SDLP $CPGX $TWTR $BITA $LABU $FB $TSLA $ETE $SDRL  Autocharts @ https://t.co/nxLx1ES7nY,positive,"[Error] Cannot use chat template functions because tokenizer.chat_template is not set and no template argument was passed! For information about writing templates and setting the tokenizer.chat_template attribute, please see the documentation at https://huggingface.co/docs/transformers/main/en/chat_templating"
"$ATVI ooks pretty bullish for now. from a short-term perspective, it's got a good chance of maybe sliding back to 33.70 #stocks #investing",positive,"[Error] Cannot use chat template functions because tokenizer.chat_template is not set and no template argument was passed! For information about writing templates and setting the tokenizer.chat_template attribute, please see the documentation at https://huggingface.co/docs/transformers/main/en/chat_templating"
"Tesco set to sell Kipa, Giraffe businesses - Sky News",positive,"[Error] Cannot use chat template functions because tokenizer.chat_template is not set and no template argument was passed! For information about writing templates and setting the tokenizer.chat_template attribute, please see the documentation at https://huggingface.co/docs/transformers/main/en/chat_templating"
"FTSE 100 drops 2.5 pct on Glencore, metals price fears",negative,"[Error] Cannot use chat template functions because tokenizer.chat_template is not set and no template argument was passed! For information about writing templates and setting the tokenizer.chat_template attribute, please see the documentation at https://huggingface.co/docs/transformers/main/en/chat_templating"
Novartis buys remaining rights to GSK treatment in deal up to $1 billion,positive,"[Error] Cannot use chat template functions because tokenizer.chat_template is not set and no template argument was passed! For information about writing templates and setting the tokenizer.chat_template attribute, please see the documentation at https://huggingface.co/docs/transformers/main/en/chat_templating"
UPDATE 1-Pearson expects to grow this year after solid end to 2014,positive,"[Error] Cannot use chat template functions because tokenizer.chat_template is not set and no template argument was passed! For information about writing templates and setting the tokenizer.chat_template attribute, please see the documentation at https://huggingface.co/docs/transformers/main/en/chat_templating"
$BBRY Ready for Take OFF!,positive,"[Error] Cannot use chat template functions because tokenizer.chat_template is not set and no template argument was passed! For information about writing templates and setting the tokenizer.chat_template attribute, please see the documentation at https://huggingface.co/docs/transformers/main/en/chat_templating"
@technik I still have a smaller $GILD pos. Being very tender with cash due to volatility. So reluctant to keep many big positions.,positive,"[Error] Cannot use chat template functions because tokenizer.chat_template is not set and no template argument was passed! For information about writing templates and setting the tokenizer.chat_template attribute, please see the documentation at https://huggingface.co/docs/transformers/main/en/chat_templating"
"Sold out $TZA 45 $PUT (down $1), which were hedging my 45 $CALL. Letting the calls ride solo now.",positive,"[Error] Cannot use chat template functions because tokenizer.chat_template is not set and no template argument was passed! For information about writing templates and setting the tokenizer.chat_template attribute, please see the documentation at https://huggingface.co/docs/transformers/main/en/chat_templating"
"$CNDO 21% short float, shorts likely to take profits into close",negative,"[Error] Cannot use chat template functions because tokenizer.chat_template is not set and no template argument was passed! For information about writing templates and setting the tokenizer.chat_template attribute, please see the documentation at https://huggingface.co/docs/transformers/main/en/chat_templating"
BG Group Still Happy With Shell's $70 Billion Offer,positive,"[Error] Cannot use chat template functions because tokenizer.chat_template is not set and no template argument was passed! For information about writing templates and setting the tokenizer.chat_template attribute, please see the documentation at https://huggingface.co/docs/transformers/main/en/chat_templating"
"2nd raise this year.  ""@BVHealthcare: $QCOR Questcor Increases Quarterly Cash Dividend 20 Percent.. http://stks.co/goan""",positive,"[Error] Cannot use chat template functions because tokenizer.chat_template is not set and no template argument was passed! For information about writing templates and setting the tokenizer.chat_template attribute, please see the documentation at https://huggingface.co/docs/transformers/main/en/chat_templating"
$FB bot some @78.47 breakout from the consolidation zone :D,positive,"[Error] Cannot use chat template functions because tokenizer.chat_template is not set and no template argument was passed! For information about writing templates and setting the tokenizer.chat_template attribute, please see the documentation at https://huggingface.co/docs/transformers/main/en/chat_templating"
"Buffett's Berkshire builds Deere stake, dumps Exxon",negative,"[Error] Cannot use chat template functions because tokenizer.chat_template is not set and no template argument was passed! For information about writing templates and setting the tokenizer.chat_template attribute, please see the documentation at https://huggingface.co/docs/transformers/main/en/chat_templating"
"European shares plunge, roiled by BHP and oil; hopes turn to ECB",negative,"[Error] Cannot use chat template functions because tokenizer.chat_template is not set and no template argument was passed! For information about writing templates and setting the tokenizer.chat_template attribute, please see the documentation at https://huggingface.co/docs/transformers/main/en/chat_templating"
AB InBev ups offer for SABMiller as deadline looms,positive,"[Error] Cannot use chat template functions because tokenizer.chat_template is not set and no template argument was passed! For information about writing templates and setting the tokenizer.chat_template attribute, please see the documentation at https://huggingface.co/docs/transformers/main/en/chat_templating"
$RNN More bleeding Monday.,negative,"[Error] Cannot use chat template functions because tokenizer.chat_template is not set and no template argument was passed! For information about writing templates and setting the tokenizer.chat_template attribute, please see the documentation at https://huggingface.co/docs/transformers/main/en/chat_templating"
$BONE Earnings Stocks Poised to Pop http://stks.co/2zWE,positive,"[Error] Cannot use chat template functions because tokenizer.chat_template is not set and no template argument was passed! For information about writing templates and setting the tokenizer.chat_template attribute, please see the documentation at https://huggingface.co/docs/transformers/main/en/chat_templating"
$TSLA stock gaining steam... Plus other notable moves from this week: https://t.co/Hz0wdp5za1,positive,"[Error] Cannot use chat template functions because tokenizer.chat_template is not set and no template argument was passed! For information about writing templates and setting the tokenizer.chat_template attribute, please see the documentation at https://huggingface.co/docs/transformers/main/en/chat_templating"
$PAY 2nd time test of the 21.20-30 b/o zone.  Still not breaking out.  Moved my stop up to 20.80.,neutral,"[Error] Cannot use chat template functions because tokenizer.chat_template is not set and no template argument was passed! For information about writing templates and setting the tokenizer.chat_template attribute, please see the documentation at https://huggingface.co/docs/transformers/main/en/chat_templating"
$AMCN pushing highs,positive,"[Error] Cannot use chat template functions because tokenizer.chat_template is not set and no template argument was passed! For information about writing templates and setting the tokenizer.chat_template attribute, please see the documentation at https://huggingface.co/docs/transformers/main/en/chat_templating"
$GOOGL is setting up above its 50-day moving average. https://t.co/tTm9RnFoXJ,positive,"[Error] Cannot use chat template functions because tokenizer.chat_template is not set and no template argument was passed! For information about writing templates and setting the tokenizer.chat_template attribute, please see the documentation at https://huggingface.co/docs/transformers/main/en/chat_templating"
NaturalGas Settles At 3-year Low $DBO $BNO  http://stks.co/d27qX,negative,"[Error] Cannot use chat template functions because tokenizer.chat_template is not set and no template argument was passed! For information about writing templates and setting the tokenizer.chat_template attribute, please see the documentation at https://huggingface.co/docs/transformers/main/en/chat_templating"
Royal Mail chairman Donald Brydon set to step down,negative,"[Error] Cannot use chat template functions because tokenizer.chat_template is not set and no template argument was passed! For information about writing templates and setting the tokenizer.chat_template attribute, please see the documentation at https://huggingface.co/docs/transformers/main/en/chat_templating"
"$SDS +1.46% 15.32, picking up some speed. May 16 calls now +35% .19: http://stks.co/3eiK, Next week $16 calls .11c: http://stks.co/3eiL",positive,"[Error] Cannot use chat template functions because tokenizer.chat_template is not set and no template argument was passed! For information about writing templates and setting the tokenizer.chat_template attribute, please see the documentation at https://huggingface.co/docs/transformers/main/en/chat_templating"
Chime Communications Set To Be Acquired By WPP And Providence,positive,"[Error] Cannot use chat template functions because tokenizer.chat_template is not set and no template argument was passed! For information about writing templates and setting the tokenizer.chat_template attribute, please see the documentation at https://huggingface.co/docs/transformers/main/en/chat_templating"
"@louiebeene vwap is 1.63, held the trend line. Should be on a LOT of radars. $NAVB",positive,"[Error] Cannot use chat template functions because tokenizer.chat_template is not set and no template argument was passed! For information about writing templates and setting the tokenizer.chat_template attribute, please see the documentation at https://huggingface.co/docs/transformers/main/en/chat_templating"
AstraZeneca to Buy ZS Pharma for $2.7 Billion,positive,"[Error] Cannot use chat template functions because tokenizer.chat_template is not set and no template argument was passed! For information about writing templates and setting the tokenizer.chat_template attribute, please see the documentation at https://huggingface.co/docs/transformers/main/en/chat_templating"
"Tesla Motors recalls 2,700 Model X SUVs $TSLA https://t.co/xDGrAExkKz",negative,"[Error] Cannot use chat template functions because tokenizer.chat_template is not set and no template argument was passed! For information about writing templates and setting the tokenizer.chat_template attribute, please see the documentation at https://huggingface.co/docs/transformers/main/en/chat_templating"
$FB turns back down in early trading.... https://t.co/reuf5PzhBm,negative,"[Error] Cannot use chat template functions because tokenizer.chat_template is not set and no template argument was passed! For information about writing templates and setting the tokenizer.chat_template attribute, please see the documentation at https://huggingface.co/docs/transformers/main/en/chat_templating"
$GS is looking weak while this market is moving higher not a good sign. Unless $gs can get above 157. early short below 154.00 today.,negative,"[Error] Cannot use chat template functions because tokenizer.chat_template is not set and no template argument was passed! For information about writing templates and setting the tokenizer.chat_template attribute, please see the documentation at https://huggingface.co/docs/transformers/main/en/chat_templating"
$AAPL Action into the close indicates that $AAPL probably hit a near term high.  Momentum slowing after a huge run.,positive,"[Error] Cannot use chat template functions because tokenizer.chat_template is not set and no template argument was passed! For information about writing templates and setting the tokenizer.chat_template attribute, please see the documentation at https://huggingface.co/docs/transformers/main/en/chat_templating"
Juniper tumbles on Q1 warning; Cisco also lower $JNPR $CSCO https://t.co/bGvIntk43h,negative,"[Error] Cannot use chat template functions because tokenizer.chat_template is not set and no template argument was passed! For information about writing templates and setting the tokenizer.chat_template attribute, please see the documentation at https://huggingface.co/docs/transformers/main/en/chat_templating"
volatility squeeze in $AAPL. I hope it gets resolved to the upside,neutral,"[Error] Cannot use chat template functions because tokenizer.chat_template is not set and no template argument was passed! For information about writing templates and setting the tokenizer.chat_template attribute, please see the documentation at https://huggingface.co/docs/transformers/main/en/chat_templating"
$IBIO  up 10% in premarket ready for lift off,positive,"[Error] Cannot use chat template functions because tokenizer.chat_template is not set and no template argument was passed! For information about writing templates and setting the tokenizer.chat_template attribute, please see the documentation at https://huggingface.co/docs/transformers/main/en/chat_templating"
$RAD All my charts are flashing oversold.,neutral,"[Error] Cannot use chat template functions because tokenizer.chat_template is not set and no template argument was passed! For information about writing templates and setting the tokenizer.chat_template attribute, please see the documentation at https://huggingface.co/docs/transformers/main/en/chat_templating"
$ARIA This is the reason why shorts don't show up...long steady small climbs. The best way to accrue value. IMO,positive,"[Error] Cannot use chat template functions because tokenizer.chat_template is not set and no template argument was passed! For information about writing templates and setting the tokenizer.chat_template attribute, please see the documentation at https://huggingface.co/docs/transformers/main/en/chat_templating"
Anheuser-Busch InBev Increases Offer for Rival SABMiller,positive,"[Error] Cannot use chat template functions because tokenizer.chat_template is not set and no template argument was passed! For information about writing templates and setting the tokenizer.chat_template attribute, please see the documentation at https://huggingface.co/docs/transformers/main/en/chat_templating"
$MA http://stks.co/1CYN continues to consolidate / base here,positive,"[Error] Cannot use chat template functions because tokenizer.chat_template is not set and no template argument was passed! For information about writing templates and setting the tokenizer.chat_template attribute, please see the documentation at https://huggingface.co/docs/transformers/main/en/chat_templating"
Retailers Kingfisher and Sports Direct rise in Britain's share index,positive,"[Error] Cannot use chat template functions because tokenizer.chat_template is not set and no template argument was passed! For information about writing templates and setting the tokenizer.chat_template attribute, please see the documentation at https://huggingface.co/docs/transformers/main/en/chat_templating"
ITV share price jumps on report of Comcast's NBCUniversal bidding to takeover ...,positive,"[Error] Cannot use chat template functions because tokenizer.chat_template is not set and no template argument was passed! For information about writing templates and setting the tokenizer.chat_template attribute, please see the documentation at https://huggingface.co/docs/transformers/main/en/chat_templating"
Short interest increases yet again http://stks.co/e19h via @ryandetrick $SPY,negative,"[Error] Cannot use chat template functions because tokenizer.chat_template is not set and no template argument was passed! For information about writing templates and setting the tokenizer.chat_template attribute, please see the documentation at https://huggingface.co/docs/transformers/main/en/chat_templating"
Primark racks up a happy Christmas after strong sales,positive,"[Error] Cannot use chat template functions because tokenizer.chat_template is not set and no template argument was passed! For information about writing templates and setting the tokenizer.chat_template attribute, please see the documentation at https://huggingface.co/docs/transformers/main/en/chat_templating"
Asahi could be about to snap up more of SABMiller's beers ahead of AB InBev sale,positive,"[Error] Cannot use chat template functions because tokenizer.chat_template is not set and no template argument was passed! For information about writing templates and setting the tokenizer.chat_template attribute, please see the documentation at https://huggingface.co/docs/transformers/main/en/chat_templating"
LSE-Deutsche BÃ¶rse dealmakers wrong to ignore Brexit risk,negative,"[Error] Cannot use chat template functions because tokenizer.chat_template is not set and no template argument was passed! For information about writing templates and setting the tokenizer.chat_template attribute, please see the documentation at https://huggingface.co/docs/transformers/main/en/chat_templating"
SABMiller revenue hit by weaker EM currencies,negative,"[Error] Cannot use chat template functions because tokenizer.chat_template is not set and no template argument was passed! For information about writing templates and setting the tokenizer.chat_template attribute, please see the documentation at https://huggingface.co/docs/transformers/main/en/chat_templating"
AB InBev to Sell SABMiller Stake in China's Snow Beer,neutral,"[Error] Cannot use chat template functions because tokenizer.chat_template is not set and no template argument was passed! For information about writing templates and setting the tokenizer.chat_template attribute, please see the documentation at https://huggingface.co/docs/transformers/main/en/chat_templating"
Look at that $AMZN > 600,positive,"[Error] Cannot use chat template functions because tokenizer.chat_template is not set and no template argument was passed! For information about writing templates and setting the tokenizer.chat_template attribute, please see the documentation at https://huggingface.co/docs/transformers/main/en/chat_templating"
$CYTX looks like an ascending channel on Finfiz http://stks.co/f26r4,positive,"[Error] Cannot use chat template functions because tokenizer.chat_template is not set and no template argument was passed! For information about writing templates and setting the tokenizer.chat_template attribute, please see the documentation at https://huggingface.co/docs/transformers/main/en/chat_templating"
pretty steady accumulation off support today.  Purdy. $AGU,positive,"[Error] Cannot use chat template functions because tokenizer.chat_template is not set and no template argument was passed! For information about writing templates and setting the tokenizer.chat_template attribute, please see the documentation at https://huggingface.co/docs/transformers/main/en/chat_templating"
"78 users on Vetr are bearish on Tesla Motors, Inc., indicating a SELL Rating (2 stars) for $TSLA https://t.co/vVpzqCXsNJ",negative,"[Error] Cannot use chat template functions because tokenizer.chat_template is not set and no template argument was passed! For information about writing templates and setting the tokenizer.chat_template attribute, please see the documentation at https://huggingface.co/docs/transformers/main/en/chat_templating"
$AAPL afternoon selloff as usual will be brutal. get ready to lose a ton of money.,negative,"[Error] Cannot use chat template functions because tokenizer.chat_template is not set and no template argument was passed! For information about writing templates and setting the tokenizer.chat_template attribute, please see the documentation at https://huggingface.co/docs/transformers/main/en/chat_templating"
"$RNN day traders flushed out, it should start going up slowly from now on .",positive,"[Error] Cannot use chat template functions because tokenizer.chat_template is not set and no template argument was passed! For information about writing templates and setting the tokenizer.chat_template attribute, please see the documentation at https://huggingface.co/docs/transformers/main/en/chat_templating"
Tesco sales recover as focus returns to core business,positive,"[Error] Cannot use chat template functions because tokenizer.chat_template is not set and no template argument was passed! For information about writing templates and setting the tokenizer.chat_template attribute, please see the documentation at https://huggingface.co/docs/transformers/main/en/chat_templating"
"$AAPL 50DMA turned up, MACD crossover a half-a-hair away on the weekly. EOD break out likely.",positive,"[Error] Cannot use chat template functions because tokenizer.chat_template is not set and no template argument was passed! For information about writing templates and setting the tokenizer.chat_template attribute, please see the documentation at https://huggingface.co/docs/transformers/main/en/chat_templating"
$CAT is hangin on my a thread. 1click away from a cliff drop.. Needs follow through (or snap-back on the VIX),negative,"[Error] Cannot use chat template functions because tokenizer.chat_template is not set and no template argument was passed! For information about writing templates and setting the tokenizer.chat_template attribute, please see the documentation at https://huggingface.co/docs/transformers/main/en/chat_templating"
$AAPL rejected the hod...should head lower. Sitting on the sidelines for now.,negative,"[Error] Cannot use chat template functions because tokenizer.chat_template is not set and no template argument was passed! For information about writing templates and setting the tokenizer.chat_template attribute, please see the documentation at https://huggingface.co/docs/transformers/main/en/chat_templating"
$BXS: BancorpSouth Announces Extension of Merger Agreements with ... http://stks.co/s2PDF,positive,"[Error] Cannot use chat template functions because tokenizer.chat_template is not set and no template argument was passed! For information about writing templates and setting the tokenizer.chat_template attribute, please see the documentation at https://huggingface.co/docs/transformers/main/en/chat_templating"
$RNN staying above the open a very good sign!!!,positive,"[Error] Cannot use chat template functions because tokenizer.chat_template is not set and no template argument was passed! For information about writing templates and setting the tokenizer.chat_template attribute, please see the documentation at https://huggingface.co/docs/transformers/main/en/chat_templating"
$SPY c'mon bulls buy DIPS!,positive,"[Error] Cannot use chat template functions because tokenizer.chat_template is not set and no template argument was passed! For information about writing templates and setting the tokenizer.chat_template attribute, please see the documentation at https://huggingface.co/docs/transformers/main/en/chat_templating"
"$ESI on lows, down $1.50 to $2.50 BK a real possibility",negative,"[Error] Cannot use chat template functions because tokenizer.chat_template is not set and no template argument was passed! For information about writing templates and setting the tokenizer.chat_template attribute, please see the documentation at https://huggingface.co/docs/transformers/main/en/chat_templating"
$GTAT Will re-enter short on bounce...,negative,"[Error] Cannot use chat template functions because tokenizer.chat_template is not set and no template argument was passed! For information about writing templates and setting the tokenizer.chat_template attribute, please see the documentation at https://huggingface.co/docs/transformers/main/en/chat_templating"
"RT FITZSTOCK2004: $IYT http://stks.co/1NBF the Transports always lead  the way, and  they broke DT  line  1st, MACD cross,  bull  flag=",positive,"[Error] Cannot use chat template functions because tokenizer.chat_template is not set and no template argument was passed! For information about writing templates and setting the tokenizer.chat_template attribute, please see the documentation at https://huggingface.co/docs/transformers/main/en/chat_templating"
"$WFM Bought a little yesterday, hoping for an earnings pop.",positive,"[Error] Cannot use chat template functions because tokenizer.chat_template is not set and no template argument was passed! For information about writing templates and setting the tokenizer.chat_template attribute, please see the documentation at https://huggingface.co/docs/transformers/main/en/chat_templating"
$PG Ackman making the big added efficiency argument. betting on operational imporvement in a huge conglomerate can go either way imo.,positive,"[Error] Cannot use chat template functions because tokenizer.chat_template is not set and no template argument was passed! For information about writing templates and setting the tokenizer.chat_template attribute, please see the documentation at https://huggingface.co/docs/transformers/main/en/chat_templating"
Aviva Fined $27 Million by U.K. Regulator Over Fee Failings,negative,"[Error] Cannot use chat template functions because tokenizer.chat_template is not set and no template argument was passed! For information about writing templates and setting the tokenizer.chat_template attribute, please see the documentation at https://huggingface.co/docs/transformers/main/en/chat_templating"
$SMH got a sell signal on 6/4 and needs to take out 39.28 to go higher otherwise headed lower than 37.60 gap below at 35.38,negative,"[Error] Cannot use chat template functions because tokenizer.chat_template is not set and no template argument was passed! For information about writing templates and setting the tokenizer.chat_template attribute, please see the documentation at https://huggingface.co/docs/transformers/main/en/chat_templating"
$DARA breaking out,positive,"[Error] Cannot use chat template functions because tokenizer.chat_template is not set and no template argument was passed! For information about writing templates and setting the tokenizer.chat_template attribute, please see the documentation at https://huggingface.co/docs/transformers/main/en/chat_templating"
Why Alphabet Inc was just upgraded to buy https://t.co/dEVnLKhqtZ $GOOGL,positive,"[Error] Cannot use chat template functions because tokenizer.chat_template is not set and no template argument was passed! For information about writing templates and setting the tokenizer.chat_template attribute, please see the documentation at https://huggingface.co/docs/transformers/main/en/chat_templating"
"Aberdeen AM posts H1 outflows, says conditions to remain challenging",negative,"[Error] Cannot use chat template functions because tokenizer.chat_template is not set and no template argument was passed! For information about writing templates and setting the tokenizer.chat_template attribute, please see the documentation at https://huggingface.co/docs/transformers/main/en/chat_templating"
"PNC, Goldman Sachs Receive Dividend Hike Green Light (But Don't Act): http://stks.co/2pa7 $PNC $GS",positive,"[Error] Cannot use chat template functions because tokenizer.chat_template is not set and no template argument was passed! For information about writing templates and setting the tokenizer.chat_template attribute, please see the documentation at https://huggingface.co/docs/transformers/main/en/chat_templating"
"Micron Technology Inc #NASDAQ: $MU down 2.3% today and down 8.9% since being put on ""The Short"" https://t.co/EQQLTfUiOU",negative,"[Error] Cannot use chat template functions because tokenizer.chat_template is not set and no template argument was passed! For information about writing templates and setting the tokenizer.chat_template attribute, please see the documentation at https://huggingface.co/docs/transformers/main/en/chat_templating"
MillerCoors Delivers 2.9% Underlying Net Income Growth for 2014,positive,"[Error] Cannot use chat template functions because tokenizer.chat_template is not set and no template argument was passed! For information about writing templates and setting the tokenizer.chat_template attribute, please see the documentation at https://huggingface.co/docs/transformers/main/en/chat_templating"
"Ingenious, HSBC, UBS and Coutts sued by 'tax avoidance' clients",negative,"[Error] Cannot use chat template functions because tokenizer.chat_template is not set and no template argument was passed! For information about writing templates and setting the tokenizer.chat_template attribute, please see the documentation at https://huggingface.co/docs/transformers/main/en/chat_templating"
AstraZeneca suffers setback after drug fails to treat eye cancer,negative,"[Error] Cannot use chat template functions because tokenizer.chat_template is not set and no template argument was passed! For information about writing templates and setting the tokenizer.chat_template attribute, please see the documentation at https://huggingface.co/docs/transformers/main/en/chat_templating"
$ENB.CA {Head&Shoulders} bullish reversal setup and breakout. Oil and Gas Pipleline stock. $USO,positive,"[Error] Cannot use chat template functions because tokenizer.chat_template is not set and no template argument was passed! For information about writing templates and setting the tokenizer.chat_template attribute, please see the documentation at https://huggingface.co/docs/transformers/main/en/chat_templating"
Whitbread buys 49% stake in Pure food chain,positive,"[Error] Cannot use chat template functions because tokenizer.chat_template is not set and no template argument was passed! For information about writing templates and setting the tokenizer.chat_template attribute, please see the documentation at https://huggingface.co/docs/transformers/main/en/chat_templating"
$ENDP being sued by FTC.....nobody will buy them with that hanging over their heads,negative,"[Error] Cannot use chat template functions because tokenizer.chat_template is not set and no template argument was passed! For information about writing templates and setting the tokenizer.chat_template attribute, please see the documentation at https://huggingface.co/docs/transformers/main/en/chat_templating"
Shell challenges Exxon dominance with 47 billion-pound bid for BG,negative,"[Error] Cannot use chat template functions because tokenizer.chat_template is not set and no template argument was passed! For information about writing templates and setting the tokenizer.chat_template attribute, please see the documentation at https://huggingface.co/docs/transformers/main/en/chat_templating"
"UPDATE 1-SABMiller 2nd-quarter underlying sales rise, forex impacts margins",neutral,"[Error] Cannot use chat template functions because tokenizer.chat_template is not set and no template argument was passed! For information about writing templates and setting the tokenizer.chat_template attribute, please see the documentation at https://huggingface.co/docs/transformers/main/en/chat_templating"
$INVE : SEE YA ABOVE $8,positive,"[Error] Cannot use chat template functions because tokenizer.chat_template is not set and no template argument was passed! For information about writing templates and setting the tokenizer.chat_template attribute, please see the documentation at https://huggingface.co/docs/transformers/main/en/chat_templating"
$TSLA gyrating @ S1 above gap. keeping an eye on S2 http://stks.co/jQfB,positive,"[Error] Cannot use chat template functions because tokenizer.chat_template is not set and no template argument was passed! For information about writing templates and setting the tokenizer.chat_template attribute, please see the documentation at https://huggingface.co/docs/transformers/main/en/chat_templating"
BBCN Bancorp to buy Wilshire Bancorp in $1 bln deal,positive,"[Error] Cannot use chat template functions because tokenizer.chat_template is not set and no template argument was passed! For information about writing templates and setting the tokenizer.chat_template attribute, please see the documentation at https://huggingface.co/docs/transformers/main/en/chat_templating"
$SKH http://stks.co/163e Long setup. Watch for continuation and volume expansion here. Hot sector.,positive,"[Error] Cannot use chat template functions because tokenizer.chat_template is not set and no template argument was passed! For information about writing templates and setting the tokenizer.chat_template attribute, please see the documentation at https://huggingface.co/docs/transformers/main/en/chat_templating"
"FTSE rallies off three-month low, boosted by StanChart, Sainsbury",positive,"[Error] Cannot use chat template functions because tokenizer.chat_template is not set and no template argument was passed! For information about writing templates and setting the tokenizer.chat_template attribute, please see the documentation at https://huggingface.co/docs/transformers/main/en/chat_templating"
$SPY weak close,negative,"[Error] Cannot use chat template functions because tokenizer.chat_template is not set and no template argument was passed! For information about writing templates and setting the tokenizer.chat_template attribute, please see the documentation at https://huggingface.co/docs/transformers/main/en/chat_templating"
$AAPL short some 592.49,negative,"[Error] Cannot use chat template functions because tokenizer.chat_template is not set and no template argument was passed! For information about writing templates and setting the tokenizer.chat_template attribute, please see the documentation at https://huggingface.co/docs/transformers/main/en/chat_templating"
$AAPL Goldman Sachs reiterates conviction buy on Apple with a $155 PT $SPY $DJIA $GS https://t.co/h5hmXSITwM,positive,"[Error] Cannot use chat template functions because tokenizer.chat_template is not set and no template argument was passed! For information about writing templates and setting the tokenizer.chat_template attribute, please see the documentation at https://huggingface.co/docs/transformers/main/en/chat_templating"
$spy bumping its head on declining daily 8ma as overhead resistance. Then the big brother 50ma just above that.,negative,"[Error] Cannot use chat template functions because tokenizer.chat_template is not set and no template argument was passed! For information about writing templates and setting the tokenizer.chat_template attribute, please see the documentation at https://huggingface.co/docs/transformers/main/en/chat_templating"
@Megaas2000 $AAPL McDonalds had a big GROWING success for years with the same BigMac and Apple update and improbe Iphone and Ipad,positive,"[Error] Cannot use chat template functions because tokenizer.chat_template is not set and no template argument was passed! For information about writing templates and setting the tokenizer.chat_template attribute, please see the documentation at https://huggingface.co/docs/transformers/main/en/chat_templating"
"$KO had missed earnings expectations for the last two quarters, so today’s strong results came as a major surprise http://stks.co/d0RHF",positive,"[Error] Cannot use chat template functions because tokenizer.chat_template is not set and no template argument was passed! For information about writing templates and setting the tokenizer.chat_template attribute, please see the documentation at https://huggingface.co/docs/transformers/main/en/chat_templating"
$spy $vxx $aapl the parties over loaded on $uvxy volatility is back,negative,"[Error] Cannot use chat template functions because tokenizer.chat_template is not set and no template argument was passed! For information about writing templates and setting the tokenizer.chat_template attribute, please see the documentation at https://huggingface.co/docs/transformers/main/en/chat_templating"
$CIEN http://stks.co/dZU CIEN seems to have broken out of a major horizontal resistance. Targets $14.35.,positive,"[Error] Cannot use chat template functions because tokenizer.chat_template is not set and no template argument was passed! For information about writing templates and setting the tokenizer.chat_template attribute, please see the documentation at https://huggingface.co/docs/transformers/main/en/chat_templating"
$LSCC Accumulation chart continues to make new highs showing accumulation continuing to take place http://stks.co/aDpO,positive,"[Error] Cannot use chat template functions because tokenizer.chat_template is not set and no template argument was passed! For information about writing templates and setting the tokenizer.chat_template attribute, please see the documentation at https://huggingface.co/docs/transformers/main/en/chat_templating"
Balfour Beatty plc Set To Reinstate Dividend (And Rival National Grid plc And Centrica PLC Once More?),positive,"[Error] Cannot use chat template functions because tokenizer.chat_template is not set and no template argument was passed! For information about writing templates and setting the tokenizer.chat_template attribute, please see the documentation at https://huggingface.co/docs/transformers/main/en/chat_templating"
"$AMZN rejected that 604 to the penny. Weak open and it goes r/g within first 30 mins, could have 8-10 points in it. https://t.co/58tEAEXxpE",negative,"[Error] Cannot use chat template functions because tokenizer.chat_template is not set and no template argument was passed! For information about writing templates and setting the tokenizer.chat_template attribute, please see the documentation at https://huggingface.co/docs/transformers/main/en/chat_templating"
"Rio Tinto swings to loss, drops dividend policy",negative,"[Error] Cannot use chat template functions because tokenizer.chat_template is not set and no template argument was passed! For information about writing templates and setting the tokenizer.chat_template attribute, please see the documentation at https://huggingface.co/docs/transformers/main/en/chat_templating"
Severn Trent share price jumps as Canadian investor renews pursuit of utility,positive,"[Error] Cannot use chat template functions because tokenizer.chat_template is not set and no template argument was passed! For information about writing templates and setting the tokenizer.chat_template attribute, please see the documentation at https://huggingface.co/docs/transformers/main/en/chat_templating"
Standard Chartered Not Raising Capital Yet As Dividend Cut,negative,"[Error] Cannot use chat template functions because tokenizer.chat_template is not set and no template argument was passed! For information about writing templates and setting the tokenizer.chat_template attribute, please see the documentation at https://huggingface.co/docs/transformers/main/en/chat_templating"
$NVDA sideways,neutral,"[Error] Cannot use chat template functions because tokenizer.chat_template is not set and no template argument was passed! For information about writing templates and setting the tokenizer.chat_template attribute, please see the documentation at https://huggingface.co/docs/transformers/main/en/chat_templating"
$SKX turning. Coming from far could go far. Stock price implies you pay nothing for the business,positive,"[Error] Cannot use chat template functions because tokenizer.chat_template is not set and no template argument was passed! For information about writing templates and setting the tokenizer.chat_template attribute, please see the documentation at https://huggingface.co/docs/transformers/main/en/chat_templating"
Bought some more $CELG as it is ready for a bounce.,positive,"[Error] Cannot use chat template functions because tokenizer.chat_template is not set and no template argument was passed! For information about writing templates and setting the tokenizer.chat_template attribute, please see the documentation at https://huggingface.co/docs/transformers/main/en/chat_templating"
G4S slides on balance sheet worries,negative,"[Error] Cannot use chat template functions because tokenizer.chat_template is not set and no template argument was passed! For information about writing templates and setting the tokenizer.chat_template attribute, please see the documentation at https://huggingface.co/docs/transformers/main/en/chat_templating"
$ARIA Bounce Player! Long above $6.17 http://stks.co/q0WfF,positive,"[Error] Cannot use chat template functions because tokenizer.chat_template is not set and no template argument was passed! For information about writing templates and setting the tokenizer.chat_template attribute, please see the documentation at https://huggingface.co/docs/transformers/main/en/chat_templating"
"$WAC trade continuing very nicely from yesterday, almost up $3 from yesterday entry, deal pricing tonight looking very strong here... $SPY",positive,"[Error] Cannot use chat template functions because tokenizer.chat_template is not set and no template argument was passed! For information about writing templates and setting the tokenizer.chat_template attribute, please see the documentation at https://huggingface.co/docs/transformers/main/en/chat_templating"
$UTSI http://stks.co/15uR Long setup. Reported very good earnings.,positive,"[Error] Cannot use chat template functions because tokenizer.chat_template is not set and no template argument was passed! For information about writing templates and setting the tokenizer.chat_template attribute, please see the documentation at https://huggingface.co/docs/transformers/main/en/chat_templating"
$NEON oversold,positive,"[Error] Cannot use chat template functions because tokenizer.chat_template is not set and no template argument was passed! For information about writing templates and setting the tokenizer.chat_template attribute, please see the documentation at https://huggingface.co/docs/transformers/main/en/chat_templating"
RT @jan $ARNA Don't think buyout rumor strong enough too be driving this up just yet...when it is this may fly like aapl...// fly how high?,neutral,"[Error] Cannot use chat template functions because tokenizer.chat_template is not set and no template argument was passed! For information about writing templates and setting the tokenizer.chat_template attribute, please see the documentation at https://huggingface.co/docs/transformers/main/en/chat_templating"
"#Apple breaks major support, here are some levels to watch - http://stks.co/jRmW $AAPL $QQQ",negative,"[Error] Cannot use chat template functions because tokenizer.chat_template is not set and no template argument was passed! For information about writing templates and setting the tokenizer.chat_template attribute, please see the documentation at https://huggingface.co/docs/transformers/main/en/chat_templating"
"FTSE falls to 3-month low on Greek debt concerns, easyJet skids",negative,"[Error] Cannot use chat template functions because tokenizer.chat_template is not set and no template argument was passed! For information about writing templates and setting the tokenizer.chat_template attribute, please see the documentation at https://huggingface.co/docs/transformers/main/en/chat_templating"
$TSLA upgraded to Buy @ Argus w/ $333 PT - you'd almost think after ~100pt run in 5 weeks this would be the sell signal,positive,"[Error] Cannot use chat template functions because tokenizer.chat_template is not set and no template argument was passed! For information about writing templates and setting the tokenizer.chat_template attribute, please see the documentation at https://huggingface.co/docs/transformers/main/en/chat_templating"
$FB churning in high volume @ IPO price. Lot's of sellers trying to get out. Might take a while here to consolidate before moving higher.,negative,"[Error] Cannot use chat template functions because tokenizer.chat_template is not set and no template argument was passed! For information about writing templates and setting the tokenizer.chat_template attribute, please see the documentation at https://huggingface.co/docs/transformers/main/en/chat_templating"
CORRECTED-Shire to buy Dyax for about $5.9 bln,positive,"[Error] Cannot use chat template functions because tokenizer.chat_template is not set and no template argument was passed! For information about writing templates and setting the tokenizer.chat_template attribute, please see the documentation at https://huggingface.co/docs/transformers/main/en/chat_templating"
Intertek Group announces strategic update outlining its plan,neutral,"[Error] Cannot use chat template functions because tokenizer.chat_template is not set and no template argument was passed! For information about writing templates and setting the tokenizer.chat_template attribute, please see the documentation at https://huggingface.co/docs/transformers/main/en/chat_templating"
Standard Chartered lags on capital worries,negative,"[Error] Cannot use chat template functions because tokenizer.chat_template is not set and no template argument was passed! For information about writing templates and setting the tokenizer.chat_template attribute, please see the documentation at https://huggingface.co/docs/transformers/main/en/chat_templating"
$MXWL Oh snap. Just went long again. LT,positive,"[Error] Cannot use chat template functions because tokenizer.chat_template is not set and no template argument was passed! For information about writing templates and setting the tokenizer.chat_template attribute, please see the documentation at https://huggingface.co/docs/transformers/main/en/chat_templating"
$SONC Amazing run since middle of March - obvious that the quality/tastiness of their burgers is not being factored into this price advance,positive,"[Error] Cannot use chat template functions because tokenizer.chat_template is not set and no template argument was passed! For information about writing templates and setting the tokenizer.chat_template attribute, please see the documentation at https://huggingface.co/docs/transformers/main/en/chat_templating"
Commodity Channel Index Indicator signaled a Oversold for $FB #stockmarket https://t.co/VM32d3M9xi https://t.co/cvkojk05Xn,positive,"[Error] Cannot use chat template functions because tokenizer.chat_template is not set and no template argument was passed! For information about writing templates and setting the tokenizer.chat_template attribute, please see the documentation at https://huggingface.co/docs/transformers/main/en/chat_templating"
Borealis Infrastructure putting together new Severn Trent bid,positive,"[Error] Cannot use chat template functions because tokenizer.chat_template is not set and no template argument was passed! For information about writing templates and setting the tokenizer.chat_template attribute, please see the documentation at https://huggingface.co/docs/transformers/main/en/chat_templating"
$IWM same conditions that sent markets to tumble all hitting this week,negative,"[Error] Cannot use chat template functions because tokenizer.chat_template is not set and no template argument was passed! For information about writing templates and setting the tokenizer.chat_template attribute, please see the documentation at https://huggingface.co/docs/transformers/main/en/chat_templating"
Builder Persimmon hails 6% rise in house sales,positive,"[Error] Cannot use chat template functions because tokenizer.chat_template is not set and no template argument was passed! For information about writing templates and setting the tokenizer.chat_template attribute, please see the documentation at https://huggingface.co/docs/transformers/main/en/chat_templating"
Today I bought more $MU $YHOO $VALE $NBL $TWTR $AXP $ZNGA https://t.co/Vt6T5Zp2is,positive,"[Error] Cannot use chat template functions because tokenizer.chat_template is not set and no template argument was passed! For information about writing templates and setting the tokenizer.chat_template attribute, please see the documentation at https://huggingface.co/docs/transformers/main/en/chat_templating"
Old Mutual First-Quarter Sales Up 18% Buoyed by Emerging Markets,positive,"[Error] Cannot use chat template functions because tokenizer.chat_template is not set and no template argument was passed! For information about writing templates and setting the tokenizer.chat_template attribute, please see the documentation at https://huggingface.co/docs/transformers/main/en/chat_templating"
$AAPL http://stks.co/1LDx Clearing this descending trend line / buy area now,positive,"[Error] Cannot use chat template functions because tokenizer.chat_template is not set and no template argument was passed! For information about writing templates and setting the tokenizer.chat_template attribute, please see the documentation at https://huggingface.co/docs/transformers/main/en/chat_templating"
CompaniesActelion shares hit record on Shire takeover talk,positive,"[Error] Cannot use chat template functions because tokenizer.chat_template is not set and no template argument was passed! For information about writing templates and setting the tokenizer.chat_template attribute, please see the documentation at https://huggingface.co/docs/transformers/main/en/chat_templating"
$YELP This goes green and so many shorts are toast!,positive,"[Error] Cannot use chat template functions because tokenizer.chat_template is not set and no template argument was passed! For information about writing templates and setting the tokenizer.chat_template attribute, please see the documentation at https://huggingface.co/docs/transformers/main/en/chat_templating"
"$FAST $GWW - daily sales slowing again, pretty timely coincident indicator https://t.co/m6BKHBkzK5",negative,"[Error] Cannot use chat template functions because tokenizer.chat_template is not set and no template argument was passed! For information about writing templates and setting the tokenizer.chat_template attribute, please see the documentation at https://huggingface.co/docs/transformers/main/en/chat_templating"
$AMD big dumping... would not touch it for a while,negative,"[Error] Cannot use chat template functions because tokenizer.chat_template is not set and no template argument was passed! For information about writing templates and setting the tokenizer.chat_template attribute, please see the documentation at https://huggingface.co/docs/transformers/main/en/chat_templating"
Starbucks shares down as much as ~4.2% $SBUX https://t.co/JlgrprR54k,negative,"[Error] Cannot use chat template functions because tokenizer.chat_template is not set and no template argument was passed! For information about writing templates and setting the tokenizer.chat_template attribute, please see the documentation at https://huggingface.co/docs/transformers/main/en/chat_templating"
$AMZN Trailing 12 months operating cash flow rose 48% to $4.98 billion & free cash flow decreased 63% to $388 million http://stks.co/c06zG,neutral,"[Error] Cannot use chat template functions because tokenizer.chat_template is not set and no template argument was passed! For information about writing templates and setting the tokenizer.chat_template attribute, please see the documentation at https://huggingface.co/docs/transformers/main/en/chat_templating"
"Buffett's Berkshire builds Deere stake, dumps Exxon",positive,"[Error] Cannot use chat template functions because tokenizer.chat_template is not set and no template argument was passed! For information about writing templates and setting the tokenizer.chat_template attribute, please see the documentation at https://huggingface.co/docs/transformers/main/en/chat_templating"
$AAPL Nice RSI 33 bounce at 9:58,positive,"[Error] Cannot use chat template functions because tokenizer.chat_template is not set and no template argument was passed! For information about writing templates and setting the tokenizer.chat_template attribute, please see the documentation at https://huggingface.co/docs/transformers/main/en/chat_templating"
GlaxoSmithKline set to complete $20 billion Novartis asset swap next week,positive,"[Error] Cannot use chat template functions because tokenizer.chat_template is not set and no template argument was passed! For information about writing templates and setting the tokenizer.chat_template attribute, please see the documentation at https://huggingface.co/docs/transformers/main/en/chat_templating"
"RT @StockTwits RT @fallondpicks Breadth Consolidates: After weeks of steady gains,advances in mkt breadth slowe... http://stks.co/2TrG $QQQ",negative,"[Error] Cannot use chat template functions because tokenizer.chat_template is not set and no template argument was passed! For information about writing templates and setting the tokenizer.chat_template attribute, please see the documentation at https://huggingface.co/docs/transformers/main/en/chat_templating"
$IWM buy programs popping $iwm for close print cheap money means higher stock prices $spy robot buying,positive,"[Error] Cannot use chat template functions because tokenizer.chat_template is not set and no template argument was passed! For information about writing templates and setting the tokenizer.chat_template attribute, please see the documentation at https://huggingface.co/docs/transformers/main/en/chat_templating"
$DCTH Near HOD,positive,"[Error] Cannot use chat template functions because tokenizer.chat_template is not set and no template argument was passed! For information about writing templates and setting the tokenizer.chat_template attribute, please see the documentation at https://huggingface.co/docs/transformers/main/en/chat_templating"
TalkTalk hires BAE Systems to investigate cyber attack,negative,"[Error] Cannot use chat template functions because tokenizer.chat_template is not set and no template argument was passed! For information about writing templates and setting the tokenizer.chat_template attribute, please see the documentation at https://huggingface.co/docs/transformers/main/en/chat_templating"
Stakes High for AstraZeneca Heart Drug Facing Tough Competition,negative,"[Error] Cannot use chat template functions because tokenizer.chat_template is not set and no template argument was passed! For information about writing templates and setting the tokenizer.chat_template attribute, please see the documentation at https://huggingface.co/docs/transformers/main/en/chat_templating"
"$CHKP ABC Bullish Pattern, Targets https://t.co/uVMmRSR5Zy",positive,"[Error] Cannot use chat template functions because tokenizer.chat_template is not set and no template argument was passed! For information about writing templates and setting the tokenizer.chat_template attribute, please see the documentation at https://huggingface.co/docs/transformers/main/en/chat_templating"
$TSLA recalling pretty much every single model X @cnnbrk got to short that even at work you jump in money trade,negative,"[Error] Cannot use chat template functions because tokenizer.chat_template is not set and no template argument was passed! For information about writing templates and setting the tokenizer.chat_template attribute, please see the documentation at https://huggingface.co/docs/transformers/main/en/chat_templating"
Should You Follow Berkshire Hathaway Into Apple Stock?,neutral,"[Error] Cannot use chat template functions because tokenizer.chat_template is not set and no template argument was passed! For information about writing templates and setting the tokenizer.chat_template attribute, please see the documentation at https://huggingface.co/docs/transformers/main/en/chat_templating"
Key level to watch in $FB for today is 25.53-- watching to see if it can hold as support http://stks.co/bOH4,neutral,"[Error] Cannot use chat template functions because tokenizer.chat_template is not set and no template argument was passed! For information about writing templates and setting the tokenizer.chat_template attribute, please see the documentation at https://huggingface.co/docs/transformers/main/en/chat_templating"
France raises concerns over proposed LSE-Deutsche Boerse deal,negative,"[Error] Cannot use chat template functions because tokenizer.chat_template is not set and no template argument was passed! For information about writing templates and setting the tokenizer.chat_template attribute, please see the documentation at https://huggingface.co/docs/transformers/main/en/chat_templating"
"Tesla Recalling 2,700 Model X Units, Related to Faulty Latch for Third-Row Seats; Fall To $252.50 Level on Recall, Shares Up 1%  $TSLA",negative,"[Error] Cannot use chat template functions because tokenizer.chat_template is not set and no template argument was passed! For information about writing templates and setting the tokenizer.chat_template attribute, please see the documentation at https://huggingface.co/docs/transformers/main/en/chat_templating"
EU regulator backs approval for GSK injectable asthma drug,positive,"[Error] Cannot use chat template functions because tokenizer.chat_template is not set and no template argument was passed! For information about writing templates and setting the tokenizer.chat_template attribute, please see the documentation at https://huggingface.co/docs/transformers/main/en/chat_templating"
$STX move off the bottom but still in bear market #datasecurity $EMC $SNDK $WDC https://t.co/VkYdWPxeSN,negative,"[Error] Cannot use chat template functions because tokenizer.chat_template is not set and no template argument was passed! For information about writing templates and setting the tokenizer.chat_template attribute, please see the documentation at https://huggingface.co/docs/transformers/main/en/chat_templating"
Royal Mail share price rallies amid positive broker comments,positive,"[Error] Cannot use chat template functions because tokenizer.chat_template is not set and no template argument was passed! For information about writing templates and setting the tokenizer.chat_template attribute, please see the documentation at https://huggingface.co/docs/transformers/main/en/chat_templating"
$CRUS Upgraded to a buy by Alpha Street Research,positive,"[Error] Cannot use chat template functions because tokenizer.chat_template is not set and no template argument was passed! For information about writing templates and setting the tokenizer.chat_template attribute, please see the documentation at https://huggingface.co/docs/transformers/main/en/chat_templating"
"Google, Inc. completes acquisition of ICOA, Inc. http://stks.co/nFEI $ICOA $GOOG",positive,"[Error] Cannot use chat template functions because tokenizer.chat_template is not set and no template argument was passed! For information about writing templates and setting the tokenizer.chat_template attribute, please see the documentation at https://huggingface.co/docs/transformers/main/en/chat_templating"
Imperial Tobacco Adds Quarterly Dividends After Profit Rose,positive,"[Error] Cannot use chat template functions because tokenizer.chat_template is not set and no template argument was passed! For information about writing templates and setting the tokenizer.chat_template attribute, please see the documentation at https://huggingface.co/docs/transformers/main/en/chat_templating"
"Should you buy Associated British Foods plc, Great Portland Estates plc and Dunelm Group plc following today's news?",positive,"[Error] Cannot use chat template functions because tokenizer.chat_template is not set and no template argument was passed! For information about writing templates and setting the tokenizer.chat_template attribute, please see the documentation at https://huggingface.co/docs/transformers/main/en/chat_templating"
Watch these bancos.they're holding up relatively well compared to the broad market $XLF $BAC $GS $C <--large C buying in $BAC in backburner,positive,"[Error] Cannot use chat template functions because tokenizer.chat_template is not set and no template argument was passed! For information about writing templates and setting the tokenizer.chat_template attribute, please see the documentation at https://huggingface.co/docs/transformers/main/en/chat_templating"
expecting  $SPY to close above 205.20 $AAPL,positive,"[Error] Cannot use chat template functions because tokenizer.chat_template is not set and no template argument was passed! For information about writing templates and setting the tokenizer.chat_template attribute, please see the documentation at https://huggingface.co/docs/transformers/main/en/chat_templating"
$TRIP maintains Neutral rating at JP Morgan- PT cut $61 from $66,neutral,"[Error] Cannot use chat template functions because tokenizer.chat_template is not set and no template argument was passed! For information about writing templates and setting the tokenizer.chat_template attribute, please see the documentation at https://huggingface.co/docs/transformers/main/en/chat_templating"
$YELP wayyy overvalued right now IMO. Should be trading single digits. May take a short pos. into earnings. Near term target 18 ......,negative,"[Error] Cannot use chat template functions because tokenizer.chat_template is not set and no template argument was passed! For information about writing templates and setting the tokenizer.chat_template attribute, please see the documentation at https://huggingface.co/docs/transformers/main/en/chat_templating"
Entering long Lockheed Martin $LMT at Thursday's open. http://stks.co/eXtA,positive,"[Error] Cannot use chat template functions because tokenizer.chat_template is not set and no template argument was passed! For information about writing templates and setting the tokenizer.chat_template attribute, please see the documentation at https://huggingface.co/docs/transformers/main/en/chat_templating"
$SBUX downgraded to neutral at Deutsche Bank. Price target reduced to $64 from $70.,negative,"[Error] Cannot use chat template functions because tokenizer.chat_template is not set and no template argument was passed! For information about writing templates and setting the tokenizer.chat_template attribute, please see the documentation at https://huggingface.co/docs/transformers/main/en/chat_templating"
$mako hanging in well today. still in a basing pattern. have eyes on it,positive,"[Error] Cannot use chat template functions because tokenizer.chat_template is not set and no template argument was passed! For information about writing templates and setting the tokenizer.chat_template attribute, please see the documentation at https://huggingface.co/docs/transformers/main/en/chat_templating"
Buyback not trending right ( $CPIX spending more as shares pricier). Hopefully will pull back w 6.87 Q2 closing VWAP,negative,"[Error] Cannot use chat template functions because tokenizer.chat_template is not set and no template argument was passed! For information about writing templates and setting the tokenizer.chat_template attribute, please see the documentation at https://huggingface.co/docs/transformers/main/en/chat_templating"
$FB they are hitting  everything in sight.short it. but twtr,negative,"[Error] Cannot use chat template functions because tokenizer.chat_template is not set and no template argument was passed! For information about writing templates and setting the tokenizer.chat_template attribute, please see the documentation at https://huggingface.co/docs/transformers/main/en/chat_templating"
Costco: A Premier Retail Dividend Play https://t.co/Fa5cnh2t0t $COST,positive,"[Error] Cannot use chat template functions because tokenizer.chat_template is not set and no template argument was passed! For information about writing templates and setting the tokenizer.chat_template attribute, please see the documentation at https://huggingface.co/docs/transformers/main/en/chat_templating"
"Key price to watch in $NFLX, off the previous double top reject, 218.23 http://stks.co/sIYn",negative,"[Error] Cannot use chat template functions because tokenizer.chat_template is not set and no template argument was passed! For information about writing templates and setting the tokenizer.chat_template attribute, please see the documentation at https://huggingface.co/docs/transformers/main/en/chat_templating"
SAB's Chairman Digs In With Board Divided on InBev Offer,neutral,"[Error] Cannot use chat template functions because tokenizer.chat_template is not set and no template argument was passed! For information about writing templates and setting the tokenizer.chat_template attribute, please see the documentation at https://huggingface.co/docs/transformers/main/en/chat_templating"
"RECAP: $MSFT rumor this morning had them spinning off XBOX unit, stock grinds up all day to close on highs",positive,"[Error] Cannot use chat template functions because tokenizer.chat_template is not set and no template argument was passed! For information about writing templates and setting the tokenizer.chat_template attribute, please see the documentation at https://huggingface.co/docs/transformers/main/en/chat_templating"
"@BrooklynBandit: $SIMO Basing nice. A close over 24.18 is bullish $QQQ $SPY $STUDY watch for a close near HOD. Currently up +3%"" up +5%",positive,"[Error] Cannot use chat template functions because tokenizer.chat_template is not set and no template argument was passed! For information about writing templates and setting the tokenizer.chat_template attribute, please see the documentation at https://huggingface.co/docs/transformers/main/en/chat_templating"
"$INO Up, up, and away!",positive,"[Error] Cannot use chat template functions because tokenizer.chat_template is not set and no template argument was passed! For information about writing templates and setting the tokenizer.chat_template attribute, please see the documentation at https://huggingface.co/docs/transformers/main/en/chat_templating"
$CTRP  breaking out here on good vol and a parser buy signal  ..noticed this on bob langs comments looking for 48 fast,positive,"[Error] Cannot use chat template functions because tokenizer.chat_template is not set and no template argument was passed! For information about writing templates and setting the tokenizer.chat_template attribute, please see the documentation at https://huggingface.co/docs/transformers/main/en/chat_templating"
i-Grid shows $DIA capped for the long term at range of 123.40- 124.77;any rally beyond today's levels or into this range leads to meltdown.,negative,"[Error] Cannot use chat template functions because tokenizer.chat_template is not set and no template argument was passed! For information about writing templates and setting the tokenizer.chat_template attribute, please see the documentation at https://huggingface.co/docs/transformers/main/en/chat_templating"
FTSE edges up as investors cheer Kingfisher results,positive,"[Error] Cannot use chat template functions because tokenizer.chat_template is not set and no template argument was passed! For information about writing templates and setting the tokenizer.chat_template attribute, please see the documentation at https://huggingface.co/docs/transformers/main/en/chat_templating"
ESPN Files Lawsuit Against Verizon - http://stks.co/i2Cj1 $VZ,negative,"[Error] Cannot use chat template functions because tokenizer.chat_template is not set and no template argument was passed! For information about writing templates and setting the tokenizer.chat_template attribute, please see the documentation at https://huggingface.co/docs/transformers/main/en/chat_templating"
"DJI overbought: $AAPL, $AXP, $BA, $CVX, $IBM, $INTC, $VZ https://t.co/wMy1PnomJF",negative,"[Error] Cannot use chat template functions because tokenizer.chat_template is not set and no template argument was passed! For information about writing templates and setting the tokenizer.chat_template attribute, please see the documentation at https://huggingface.co/docs/transformers/main/en/chat_templating"
"Facebook, near a buy point last week, faces a different technical test today https://t.co/c72LLMpiNM $FB $AAPL $NFLX https://t.co/fPFbYTYPuY",positive,"[Error] Cannot use chat template functions because tokenizer.chat_template is not set and no template argument was passed! For information about writing templates and setting the tokenizer.chat_template attribute, please see the documentation at https://huggingface.co/docs/transformers/main/en/chat_templating"
Rival companies $GWR and WATCO eyeing $RA w take-over interest.  http://stks.co/o0xY,positive,"[Error] Cannot use chat template functions because tokenizer.chat_template is not set and no template argument was passed! For information about writing templates and setting the tokenizer.chat_template attribute, please see the documentation at https://huggingface.co/docs/transformers/main/en/chat_templating"
Berkshire Hathaway names Kara Raiguel to lead General Re unit,neutral,"[Error] Cannot use chat template functions because tokenizer.chat_template is not set and no template argument was passed! For information about writing templates and setting the tokenizer.chat_template attribute, please see the documentation at https://huggingface.co/docs/transformers/main/en/chat_templating"
"CEOs of BPM, UBI meet Italy econ minister as M&A talk heats up",positive,"[Error] Cannot use chat template functions because tokenizer.chat_template is not set and no template argument was passed! For information about writing templates and setting the tokenizer.chat_template attribute, please see the documentation at https://huggingface.co/docs/transformers/main/en/chat_templating"
LSE-Deutsche BÃ¶rse dealmakers wrong to ignore Brexit risk,negative,"[Error] Cannot use chat template functions because tokenizer.chat_template is not set and no template argument was passed! For information about writing templates and setting the tokenizer.chat_template attribute, please see the documentation at https://huggingface.co/docs/transformers/main/en/chat_templating"
Shire share price under pressure after $32bn Baxalta deal,negative,"[Error] Cannot use chat template functions because tokenizer.chat_template is not set and no template argument was passed! For information about writing templates and setting the tokenizer.chat_template attribute, please see the documentation at https://huggingface.co/docs/transformers/main/en/chat_templating"
$tsla X recall not a big deal... the problem is now they will have an excuse to guide way way lower...,neutral,"[Error] Cannot use chat template functions because tokenizer.chat_template is not set and no template argument was passed! For information about writing templates and setting the tokenizer.chat_template attribute, please see the documentation at https://huggingface.co/docs/transformers/main/en/chat_templating"
$NFLX Easy pop to 500$ by end of feb.. Then steady as she goes for 600 into second earnings report..800$ year end no matter what,positive,"[Error] Cannot use chat template functions because tokenizer.chat_template is not set and no template argument was passed! For information about writing templates and setting the tokenizer.chat_template attribute, please see the documentation at https://huggingface.co/docs/transformers/main/en/chat_templating"
"EU regulators clear $100 billion-plus AB InBev, SABMiller deal",positive,"[Error] Cannot use chat template functions because tokenizer.chat_template is not set and no template argument was passed! For information about writing templates and setting the tokenizer.chat_template attribute, please see the documentation at https://huggingface.co/docs/transformers/main/en/chat_templating"
Shell challenges Exxon dominance with 47 billion-pound bid for BG,neutral,"[Error] Cannot use chat template functions because tokenizer.chat_template is not set and no template argument was passed! For information about writing templates and setting the tokenizer.chat_template attribute, please see the documentation at https://huggingface.co/docs/transformers/main/en/chat_templating"
"$AAPL Stock Climbs as Barron's Sees 40% Upside, Jim Cramer's Take  https://t.co/lKlD9mVKBQ",positive,"[Error] Cannot use chat template functions because tokenizer.chat_template is not set and no template argument was passed! For information about writing templates and setting the tokenizer.chat_template attribute, please see the documentation at https://huggingface.co/docs/transformers/main/en/chat_templating"
$GDX $GDXJ $JNUG - strong move today for the Junior Gold Miners - keep an EYE out for a gap fill -,positive,"[Error] Cannot use chat template functions because tokenizer.chat_template is not set and no template argument was passed! For information about writing templates and setting the tokenizer.chat_template attribute, please see the documentation at https://huggingface.co/docs/transformers/main/en/chat_templating"
"BHP Billiton slashes dividend, posts $5.67 billion net loss",negative,"[Error] Cannot use chat template functions because tokenizer.chat_template is not set and no template argument was passed! For information about writing templates and setting the tokenizer.chat_template attribute, please see the documentation at https://huggingface.co/docs/transformers/main/en/chat_templating"
I see a 20 percent upside in $FB shares from here,positive,"[Error] Cannot use chat template functions because tokenizer.chat_template is not set and no template argument was passed! For information about writing templates and setting the tokenizer.chat_template attribute, please see the documentation at https://huggingface.co/docs/transformers/main/en/chat_templating"
$BBRY bye bye Sammy. Hello BB. Sounds like we'll see some green tomorrow.,positive,"[Error] Cannot use chat template functions because tokenizer.chat_template is not set and no template argument was passed! For information about writing templates and setting the tokenizer.chat_template attribute, please see the documentation at https://huggingface.co/docs/transformers/main/en/chat_templating"
"SiriusXM added 465,000 net new subscribers in the first quarter of 2016 $SIRI #CEO #sales #marketresearch #tech #entrepreneur #Speaker",positive,"[Error] Cannot use chat template functions because tokenizer.chat_template is not set and no template argument was passed! For information about writing templates and setting the tokenizer.chat_template attribute, please see the documentation at https://huggingface.co/docs/transformers/main/en/chat_templating"
MillerCoors Board Names Gavin Hattersley Interim CEO,neutral,"[Error] Cannot use chat template functions because tokenizer.chat_template is not set and no template argument was passed! For information about writing templates and setting the tokenizer.chat_template attribute, please see the documentation at https://huggingface.co/docs/transformers/main/en/chat_templating"
Morrisons and Debenhams surprise City with Christmas bounce back,positive,"[Error] Cannot use chat template functions because tokenizer.chat_template is not set and no template argument was passed! For information about writing templates and setting the tokenizer.chat_template attribute, please see the documentation at https://huggingface.co/docs/transformers/main/en/chat_templating"
"News FeedFTSE 100 movers: Ashtead jumps on strong interims; Glencore, BP in ...",positive,"[Error] Cannot use chat template functions because tokenizer.chat_template is not set and no template argument was passed! For information about writing templates and setting the tokenizer.chat_template attribute, please see the documentation at https://huggingface.co/docs/transformers/main/en/chat_templating"
My $DWA play up 6% today. I'm still skeptical. Will take profits. Not a time cheer,neutral,"[Error] Cannot use chat template functions because tokenizer.chat_template is not set and no template argument was passed! For information about writing templates and setting the tokenizer.chat_template attribute, please see the documentation at https://huggingface.co/docs/transformers/main/en/chat_templating"
$FB I've been dead on so far. Such a bloated valuation. https://t.co/czCf8Kbrlt,negative,"[Error] Cannot use chat template functions because tokenizer.chat_template is not set and no template argument was passed! For information about writing templates and setting the tokenizer.chat_template attribute, please see the documentation at https://huggingface.co/docs/transformers/main/en/chat_templating"
$TROW Ascending triangle gives a bullish bias to this chart. Breakout above 84 will be positive http://stks.co/g0ls5,positive,"[Error] Cannot use chat template functions because tokenizer.chat_template is not set and no template argument was passed! For information about writing templates and setting the tokenizer.chat_template attribute, please see the documentation at https://huggingface.co/docs/transformers/main/en/chat_templating"
CompaniesMeggitt profits hit by weak energy and military markets,negative,"[Error] Cannot use chat template functions because tokenizer.chat_template is not set and no template argument was passed! For information about writing templates and setting the tokenizer.chat_template attribute, please see the documentation at https://huggingface.co/docs/transformers/main/en/chat_templating"
Aspen to Buy Anaesthetics From AstraZeneca for $520 Million,positive,"[Error] Cannot use chat template functions because tokenizer.chat_template is not set and no template argument was passed! For information about writing templates and setting the tokenizer.chat_template attribute, please see the documentation at https://huggingface.co/docs/transformers/main/en/chat_templating"
$SPY Don't hang your bull hat yet. Next week we will pop higher on QE3 hope on back of fed's 2 day meeting.,positive,"[Error] Cannot use chat template functions because tokenizer.chat_template is not set and no template argument was passed! For information about writing templates and setting the tokenizer.chat_template attribute, please see the documentation at https://huggingface.co/docs/transformers/main/en/chat_templating"
$EXPE working on the second leg of its reversal run as it breaks another down trend and continues higher. https://t.co/76DSJysyR0,positive,"[Error] Cannot use chat template functions because tokenizer.chat_template is not set and no template argument was passed! For information about writing templates and setting the tokenizer.chat_template attribute, please see the documentation at https://huggingface.co/docs/transformers/main/en/chat_templating"
looks like a big feb 18-22 $put spread on $cree.  Last quarter 0% YoY rev growth trading @ 24x earnings.  I may try a short.,negative,"[Error] Cannot use chat template functions because tokenizer.chat_template is not set and no template argument was passed! For information about writing templates and setting the tokenizer.chat_template attribute, please see the documentation at https://huggingface.co/docs/transformers/main/en/chat_templating"
$FB i guess they want it down look at the those sell orders,negative,"[Error] Cannot use chat template functions because tokenizer.chat_template is not set and no template argument was passed! For information about writing templates and setting the tokenizer.chat_template attribute, please see the documentation at https://huggingface.co/docs/transformers/main/en/chat_templating"
$UUP at major resistance right now. Can go much higher if it can break above. May take several attempts - few days to a week,positive,"[Error] Cannot use chat template functions because tokenizer.chat_template is not set and no template argument was passed! For information about writing templates and setting the tokenizer.chat_template attribute, please see the documentation at https://huggingface.co/docs/transformers/main/en/chat_templating"
Tesco criticised for 'disgraceful' advert showing domestic worker being slapped,negative,"[Error] Cannot use chat template functions because tokenizer.chat_template is not set and no template argument was passed! For information about writing templates and setting the tokenizer.chat_template attribute, please see the documentation at https://huggingface.co/docs/transformers/main/en/chat_templating"
Most bullish stocks on Twitter during this dip. $YHOO $GDX $GOOGL $STZ $GOLD $EW $VZ $CELG $SBUX $SCTY more: https://t.co/iuZJelfwt3,positive,"[Error] Cannot use chat template functions because tokenizer.chat_template is not set and no template argument was passed! For information about writing templates and setting the tokenizer.chat_template attribute, please see the documentation at https://huggingface.co/docs/transformers/main/en/chat_templating"
3-star analyst Joe Wittine from Longbow Research reiterated a HOLD rating on $NTAP.,positive,"[Error] Cannot use chat template functions because tokenizer.chat_template is not set and no template argument was passed! For information about writing templates and setting the tokenizer.chat_template attribute, please see the documentation at https://huggingface.co/docs/transformers/main/en/chat_templating"
Long $PCLN,positive,"[Error] Cannot use chat template functions because tokenizer.chat_template is not set and no template argument was passed! For information about writing templates and setting the tokenizer.chat_template attribute, please see the documentation at https://huggingface.co/docs/transformers/main/en/chat_templating"
CompaniesAB InBev signals it won't go hostile for SABMiller,positive,"[Error] Cannot use chat template functions because tokenizer.chat_template is not set and no template argument was passed! For information about writing templates and setting the tokenizer.chat_template attribute, please see the documentation at https://huggingface.co/docs/transformers/main/en/chat_templating"
@REC_Zakaria Monday Bulls Are Out! Stock Ticker- Michael James Ent. Other picks $SBUX $GVP $NKE,positive,"[Error] Cannot use chat template functions because tokenizer.chat_template is not set and no template argument was passed! For information about writing templates and setting the tokenizer.chat_template attribute, please see the documentation at https://huggingface.co/docs/transformers/main/en/chat_templating"
$UVXY Put the chum out there at key support then next level down - careful,negative,"[Error] Cannot use chat template functions because tokenizer.chat_template is not set and no template argument was passed! For information about writing templates and setting the tokenizer.chat_template attribute, please see the documentation at https://huggingface.co/docs/transformers/main/en/chat_templating"
Copper market may get a 2003-style supply shock from Glencore closures,negative,"[Error] Cannot use chat template functions because tokenizer.chat_template is not set and no template argument was passed! For information about writing templates and setting the tokenizer.chat_template attribute, please see the documentation at https://huggingface.co/docs/transformers/main/en/chat_templating"
Intertek swings to Â£347 mln loss on oil's slump,negative,"[Error] Cannot use chat template functions because tokenizer.chat_template is not set and no template argument was passed! For information about writing templates and setting the tokenizer.chat_template attribute, please see the documentation at https://huggingface.co/docs/transformers/main/en/chat_templating"
$ISR- @IsoRay Up 6% and high on volume http://stks.co/iFpo #biotech,positive,"[Error] Cannot use chat template functions because tokenizer.chat_template is not set and no template argument was passed! For information about writing templates and setting the tokenizer.chat_template attribute, please see the documentation at https://huggingface.co/docs/transformers/main/en/chat_templating"
Rolls-Royce to Ensure Compliance After Petrobras Bribery Report,neutral,"[Error] Cannot use chat template functions because tokenizer.chat_template is not set and no template argument was passed! For information about writing templates and setting the tokenizer.chat_template attribute, please see the documentation at https://huggingface.co/docs/transformers/main/en/chat_templating"
$SPY Tomorrow party time for the Bears!! $GOOG and $MSFT -5.5%,negative,"[Error] Cannot use chat template functions because tokenizer.chat_template is not set and no template argument was passed! For information about writing templates and setting the tokenizer.chat_template attribute, please see the documentation at https://huggingface.co/docs/transformers/main/en/chat_templating"
Do it for me' trend underpins UK sales growth at Kingfisher,positive,"[Error] Cannot use chat template functions because tokenizer.chat_template is not set and no template argument was passed! For information about writing templates and setting the tokenizer.chat_template attribute, please see the documentation at https://huggingface.co/docs/transformers/main/en/chat_templating"
"$ENDP - we saw a large order in this one last week, someone also accumulating May & Jun 35's Calls today",positive,"[Error] Cannot use chat template functions because tokenizer.chat_template is not set and no template argument was passed! For information about writing templates and setting the tokenizer.chat_template attribute, please see the documentation at https://huggingface.co/docs/transformers/main/en/chat_templating"
VIVUS $VVUS bear raid in effect. Stock down 12%,negative,"[Error] Cannot use chat template functions because tokenizer.chat_template is not set and no template argument was passed! For information about writing templates and setting the tokenizer.chat_template attribute, please see the documentation at https://huggingface.co/docs/transformers/main/en/chat_templating"
"Standard Chartered, RBS Escape Capital Raising in Stress Test",positive,"[Error] Cannot use chat template functions because tokenizer.chat_template is not set and no template argument was passed! For information about writing templates and setting the tokenizer.chat_template attribute, please see the documentation at https://huggingface.co/docs/transformers/main/en/chat_templating"
US sanctions put Gazprom-Shell alliance plans in jeopardy,negative,"[Error] Cannot use chat template functions because tokenizer.chat_template is not set and no template argument was passed! For information about writing templates and setting the tokenizer.chat_template attribute, please see the documentation at https://huggingface.co/docs/transformers/main/en/chat_templating"
"$KNDI Break that HOD on volume, and we have a nice consolidation completed for another run.",positive,"[Error] Cannot use chat template functions because tokenizer.chat_template is not set and no template argument was passed! For information about writing templates and setting the tokenizer.chat_template attribute, please see the documentation at https://huggingface.co/docs/transformers/main/en/chat_templating"
$AMRN Got sell signal 7/1/14 still in force with target below 1.50,negative,"[Error] Cannot use chat template functions because tokenizer.chat_template is not set and no template argument was passed! For information about writing templates and setting the tokenizer.chat_template attribute, please see the documentation at https://huggingface.co/docs/transformers/main/en/chat_templating"
"Broker tips: RBS, Croda, Sage",positive,"[Error] Cannot use chat template functions because tokenizer.chat_template is not set and no template argument was passed! For information about writing templates and setting the tokenizer.chat_template attribute, please see the documentation at https://huggingface.co/docs/transformers/main/en/chat_templating"
$YHOO About to break out on the 5-min...,positive,"[Error] Cannot use chat template functions because tokenizer.chat_template is not set and no template argument was passed! For information about writing templates and setting the tokenizer.chat_template attribute, please see the documentation at https://huggingface.co/docs/transformers/main/en/chat_templating"
Thank you $GOOG (Google Alphabet) and $FB (Facebook) stocks! What a nice reversal.,positive,"[Error] Cannot use chat template functions because tokenizer.chat_template is not set and no template argument was passed! For information about writing templates and setting the tokenizer.chat_template attribute, please see the documentation at https://huggingface.co/docs/transformers/main/en/chat_templating"
$TSLA is now up 57% from its February low. Amazing rebound.,positive,"[Error] Cannot use chat template functions because tokenizer.chat_template is not set and no template argument was passed! For information about writing templates and setting the tokenizer.chat_template attribute, please see the documentation at https://huggingface.co/docs/transformers/main/en/chat_templating"
"On #FEDDAY looking for a sharp move up in equities $AAPL $HD $LOW $FB seeing $UVXY $TVIX getting hammered, even though market is down.",positive,"[Error] Cannot use chat template functions because tokenizer.chat_template is not set and no template argument was passed! For information about writing templates and setting the tokenizer.chat_template attribute, please see the documentation at https://huggingface.co/docs/transformers/main/en/chat_templating"
$AXP Looking for continuation with volume increase http://stks.co/c8sR,positive,"[Error] Cannot use chat template functions because tokenizer.chat_template is not set and no template argument was passed! For information about writing templates and setting the tokenizer.chat_template attribute, please see the documentation at https://huggingface.co/docs/transformers/main/en/chat_templating"
Analyst Views: Astrazeneca shares have seen recent volatility; what will 2015 ...,negative,"[Error] Cannot use chat template functions because tokenizer.chat_template is not set and no template argument was passed! For information about writing templates and setting the tokenizer.chat_template attribute, please see the documentation at https://huggingface.co/docs/transformers/main/en/chat_templating"
$NFLX +1% $104.80 LONG streaming services rapidly outpacing traditional cable,positive,"[Error] Cannot use chat template functions because tokenizer.chat_template is not set and no template argument was passed! For information about writing templates and setting the tokenizer.chat_template attribute, please see the documentation at https://huggingface.co/docs/transformers/main/en/chat_templating"
"$CELG back near 104, where it opened and rallied higher last wk. A good place to take a shot https://t.co/zwHThSvFSF",positive,"[Error] Cannot use chat template functions because tokenizer.chat_template is not set and no template argument was passed! For information about writing templates and setting the tokenizer.chat_template attribute, please see the documentation at https://huggingface.co/docs/transformers/main/en/chat_templating"
"Centrica extends gas deals with Gazprom, Statoil",positive,"[Error] Cannot use chat template functions because tokenizer.chat_template is not set and no template argument was passed! For information about writing templates and setting the tokenizer.chat_template attribute, please see the documentation at https://huggingface.co/docs/transformers/main/en/chat_templating"
CompaniesTesco off to a bad start over Xmas â€“ Kantar,negative,"[Error] Cannot use chat template functions because tokenizer.chat_template is not set and no template argument was passed! For information about writing templates and setting the tokenizer.chat_template attribute, please see the documentation at https://huggingface.co/docs/transformers/main/en/chat_templating"
$AAPL $131 rally mode,positive,"[Error] Cannot use chat template functions because tokenizer.chat_template is not set and no template argument was passed! For information about writing templates and setting the tokenizer.chat_template attribute, please see the documentation at https://huggingface.co/docs/transformers/main/en/chat_templating"
Held its recent double bottom buy point of 56.57 almost to the penny today $WMT http://chart.ly/6nosp5q,positive,"[Error] Cannot use chat template functions because tokenizer.chat_template is not set and no template argument was passed! For information about writing templates and setting the tokenizer.chat_template attribute, please see the documentation at https://huggingface.co/docs/transformers/main/en/chat_templating"
Rio Tinto CEO says iron ore market at equilibrium,neutral,"[Error] Cannot use chat template functions because tokenizer.chat_template is not set and no template argument was passed! For information about writing templates and setting the tokenizer.chat_template attribute, please see the documentation at https://huggingface.co/docs/transformers/main/en/chat_templating"
ALERT: New RSI signal created on $COST - Buy at 148.78 - Time: 14:19 - Strength: 10. Powered by https://t.co/MhOBzU3Rmx,positive,"[Error] Cannot use chat template functions because tokenizer.chat_template is not set and no template argument was passed! For information about writing templates and setting the tokenizer.chat_template attribute, please see the documentation at https://huggingface.co/docs/transformers/main/en/chat_templating"
Britain's FTSE forges ahead as Shire surges,positive,"[Error] Cannot use chat template functions because tokenizer.chat_template is not set and no template argument was passed! For information about writing templates and setting the tokenizer.chat_template attribute, please see the documentation at https://huggingface.co/docs/transformers/main/en/chat_templating"
$VRTX early technical BUY signal... for confirmation > 86 it needs some fundam. incentive https://t.co/QuYSrqFo2x,positive,"[Error] Cannot use chat template functions because tokenizer.chat_template is not set and no template argument was passed! For information about writing templates and setting the tokenizer.chat_template attribute, please see the documentation at https://huggingface.co/docs/transformers/main/en/chat_templating"
what #stocks large players are selling http://stks.co/t0Vel $CROX $GOGO $INO,negative,"[Error] Cannot use chat template functions because tokenizer.chat_template is not set and no template argument was passed! For information about writing templates and setting the tokenizer.chat_template attribute, please see the documentation at https://huggingface.co/docs/transformers/main/en/chat_templating"
GlaxoSmithKline share price slips as FDA okays asthma therapy only for adults,negative,"[Error] Cannot use chat template functions because tokenizer.chat_template is not set and no template argument was passed! For information about writing templates and setting the tokenizer.chat_template attribute, please see the documentation at https://huggingface.co/docs/transformers/main/en/chat_templating"
"CaixaBank, dos Santos Agree on Plan for BPI Angola Exposure",positive,"[Error] Cannot use chat template functions because tokenizer.chat_template is not set and no template argument was passed! For information about writing templates and setting the tokenizer.chat_template attribute, please see the documentation at https://huggingface.co/docs/transformers/main/en/chat_templating"
"Goldman Sachs, Barclays, HSBC downplay Brexit threat",neutral,"[Error] Cannot use chat template functions because tokenizer.chat_template is not set and no template argument was passed! For information about writing templates and setting the tokenizer.chat_template attribute, please see the documentation at https://huggingface.co/docs/transformers/main/en/chat_templating"
Double bottom with handle buy point of 29.51 $IP http://chart.ly/akvujxh,positive,"[Error] Cannot use chat template functions because tokenizer.chat_template is not set and no template argument was passed! For information about writing templates and setting the tokenizer.chat_template attribute, please see the documentation at https://huggingface.co/docs/transformers/main/en/chat_templating"
Is It Worth Investing In Tesco PLC And Prudential plc Now?,positive,"[Error] Cannot use chat template functions because tokenizer.chat_template is not set and no template argument was passed! For information about writing templates and setting the tokenizer.chat_template attribute, please see the documentation at https://huggingface.co/docs/transformers/main/en/chat_templating"
$CTRP breaking out https://t.co/Z2je3rTKch,positive,"[Error] Cannot use chat template functions because tokenizer.chat_template is not set and no template argument was passed! For information about writing templates and setting the tokenizer.chat_template attribute, please see the documentation at https://huggingface.co/docs/transformers/main/en/chat_templating"
"Notable gainers among liquid option names this morning include $STX (+7.0%), $NEM (+4.6%), $WDC (+4.2%), $X (+4.1%), and $GME (+3.4%),",positive,"[Error] Cannot use chat template functions because tokenizer.chat_template is not set and no template argument was passed! For information about writing templates and setting the tokenizer.chat_template attribute, please see the documentation at https://huggingface.co/docs/transformers/main/en/chat_templating"
$GOOGL gets an upgrade price target $970,positive,"[Error] Cannot use chat template functions because tokenizer.chat_template is not set and no template argument was passed! For information about writing templates and setting the tokenizer.chat_template attribute, please see the documentation at https://huggingface.co/docs/transformers/main/en/chat_templating"
"Reuters: Green Mountain revenue misses, shares plunge http://stks.co/13mW > $GMCR prints 43.80, market in a foul mood, bad day to disappoint",negative,"[Error] Cannot use chat template functions because tokenizer.chat_template is not set and no template argument was passed! For information about writing templates and setting the tokenizer.chat_template attribute, please see the documentation at https://huggingface.co/docs/transformers/main/en/chat_templating"
$WX Decent pull back . .,negative,"[Error] Cannot use chat template functions because tokenizer.chat_template is not set and no template argument was passed! For information about writing templates and setting the tokenizer.chat_template attribute, please see the documentation at https://huggingface.co/docs/transformers/main/en/chat_templating"
AstraZeneca's Lung Cancer Drug Tagrisso Gets FDA Approval,positive,"[Error] Cannot use chat template functions because tokenizer.chat_template is not set and no template argument was passed! For information about writing templates and setting the tokenizer.chat_template attribute, please see the documentation at https://huggingface.co/docs/transformers/main/en/chat_templating"
$ROST Ross Stores Upgraded to Outperform at RBC Capital Markets http://stks.co/j0Q9t,positive,"[Error] Cannot use chat template functions because tokenizer.chat_template is not set and no template argument was passed! For information about writing templates and setting the tokenizer.chat_template attribute, please see the documentation at https://huggingface.co/docs/transformers/main/en/chat_templating"
"potential defect with third-row seat belts. Tesla Motors recalls 2,700 Model X SUVs $TSLA https://t.co/YVYDncdNdi",negative,"[Error] Cannot use chat template functions because tokenizer.chat_template is not set and no template argument was passed! For information about writing templates and setting the tokenizer.chat_template attribute, please see the documentation at https://huggingface.co/docs/transformers/main/en/chat_templating"
GlaxoSmithKline starts hunt for successor to CEO Witty,neutral,"[Error] Cannot use chat template functions because tokenizer.chat_template is not set and no template argument was passed! For information about writing templates and setting the tokenizer.chat_template attribute, please see the documentation at https://huggingface.co/docs/transformers/main/en/chat_templating"
$FB & $TSLA cracking lower early. $short #correction #stocks,negative,"[Error] Cannot use chat template functions because tokenizer.chat_template is not set and no template argument was passed! For information about writing templates and setting the tokenizer.chat_template attribute, please see the documentation at https://huggingface.co/docs/transformers/main/en/chat_templating"
"$ADBE technical alerts: Expansion Breakout, Gilligan's Island Sell Setup, Volume Surge, and New 52... https://t.co/LxX66tknFH",positive,"[Error] Cannot use chat template functions because tokenizer.chat_template is not set and no template argument was passed! For information about writing templates and setting the tokenizer.chat_template attribute, please see the documentation at https://huggingface.co/docs/transformers/main/en/chat_templating"
Is #Facebook's user engagement falling? https://t.co/tqMMt7N16X $FB https://t.co/sedqRWgdkt,negative,"[Error] Cannot use chat template functions because tokenizer.chat_template is not set and no template argument was passed! For information about writing templates and setting the tokenizer.chat_template attribute, please see the documentation at https://huggingface.co/docs/transformers/main/en/chat_templating"
"$KNDI #China #ElectricCar maker. China car sales +7.8%. Also, may feed off $TSLA momentum run lately.",positive,"[Error] Cannot use chat template functions because tokenizer.chat_template is not set and no template argument was passed! For information about writing templates and setting the tokenizer.chat_template attribute, please see the documentation at https://huggingface.co/docs/transformers/main/en/chat_templating"
$INO back in this am small post,positive,"[Error] Cannot use chat template functions because tokenizer.chat_template is not set and no template argument was passed! For information about writing templates and setting the tokenizer.chat_template attribute, please see the documentation at https://huggingface.co/docs/transformers/main/en/chat_templating"
"RT @stockdemons think shorting here into close might be play, $SPY - high beta reversing..looks worth a shot",negative,"[Error] Cannot use chat template functions because tokenizer.chat_template is not set and no template argument was passed! For information about writing templates and setting the tokenizer.chat_template attribute, please see the documentation at https://huggingface.co/docs/transformers/main/en/chat_templating"
Standard Chartered's Shares Plunge 7% After Fitch Downgrade,negative,"[Error] Cannot use chat template functions because tokenizer.chat_template is not set and no template argument was passed! For information about writing templates and setting the tokenizer.chat_template attribute, please see the documentation at https://huggingface.co/docs/transformers/main/en/chat_templating"
"$AAPL AAPL: Gundlach Slams iPad mini, Sees Downside to $425. http://stks.co/bDqV",negative,"[Error] Cannot use chat template functions because tokenizer.chat_template is not set and no template argument was passed! For information about writing templates and setting the tokenizer.chat_template attribute, please see the documentation at https://huggingface.co/docs/transformers/main/en/chat_templating"
$isrg trading at all-time high after strong earnings report with 4 days of short interest.,positive,"[Error] Cannot use chat template functions because tokenizer.chat_template is not set and no template argument was passed! For information about writing templates and setting the tokenizer.chat_template attribute, please see the documentation at https://huggingface.co/docs/transformers/main/en/chat_templating"
"$GMCR with the way this has been acting, it may fall to 65 today, horrible action since it hit 70 yesterday",negative,"[Error] Cannot use chat template functions because tokenizer.chat_template is not set and no template argument was passed! For information about writing templates and setting the tokenizer.chat_template attribute, please see the documentation at https://huggingface.co/docs/transformers/main/en/chat_templating"
$AEGN MACD and ADX are crossing over the signal lines! Long Setup http://stks.co/qzzx,positive,"[Error] Cannot use chat template functions because tokenizer.chat_template is not set and no template argument was passed! For information about writing templates and setting the tokenizer.chat_template attribute, please see the documentation at https://huggingface.co/docs/transformers/main/en/chat_templating"
"$AAPL at pivot area on intraday chart- break here could send this to 50-day SMA, 457.80 http://stks.co/jPbN",positive,"[Error] Cannot use chat template functions because tokenizer.chat_template is not set and no template argument was passed! For information about writing templates and setting the tokenizer.chat_template attribute, please see the documentation at https://huggingface.co/docs/transformers/main/en/chat_templating"
"took some $ENDP long this am, using VWAP as guide",positive,"[Error] Cannot use chat template functions because tokenizer.chat_template is not set and no template argument was passed! For information about writing templates and setting the tokenizer.chat_template attribute, please see the documentation at https://huggingface.co/docs/transformers/main/en/chat_templating"
"$TSLA steaming up again, this stock is relentless at the moment",positive,"[Error] Cannot use chat template functions because tokenizer.chat_template is not set and no template argument was passed! For information about writing templates and setting the tokenizer.chat_template attribute, please see the documentation at https://huggingface.co/docs/transformers/main/en/chat_templating"
BHP Billiton share price: Brazil to sue Samarco for Â£3.5bn,negative,"[Error] Cannot use chat template functions because tokenizer.chat_template is not set and no template argument was passed! For information about writing templates and setting the tokenizer.chat_template attribute, please see the documentation at https://huggingface.co/docs/transformers/main/en/chat_templating"
FTSE 100 flat; Standard Chartered leads risers,positive,"[Error] Cannot use chat template functions because tokenizer.chat_template is not set and no template argument was passed! For information about writing templates and setting the tokenizer.chat_template attribute, please see the documentation at https://huggingface.co/docs/transformers/main/en/chat_templating"
$DXCM - Making higher highs & higher lows as it consolidates over past several weeks. 26.70 was all time high (2006).,positive,"[Error] Cannot use chat template functions because tokenizer.chat_template is not set and no template argument was passed! For information about writing templates and setting the tokenizer.chat_template attribute, please see the documentation at https://huggingface.co/docs/transformers/main/en/chat_templating"
$PYPL great vol flow trade here.. Love this company long time.,positive,"[Error] Cannot use chat template functions because tokenizer.chat_template is not set and no template argument was passed! For information about writing templates and setting the tokenizer.chat_template attribute, please see the documentation at https://huggingface.co/docs/transformers/main/en/chat_templating"
Brewer AB InBev seeks $275 bln tie-up with SABMiller,positive,"[Error] Cannot use chat template functions because tokenizer.chat_template is not set and no template argument was passed! For information about writing templates and setting the tokenizer.chat_template attribute, please see the documentation at https://huggingface.co/docs/transformers/main/en/chat_templating"
RT @robbieLOLZ $NFLX A close above here is looking good for the bulls. Will hold my positions to see where we close at. Keep buying here.,positive,"[Error] Cannot use chat template functions because tokenizer.chat_template is not set and no template argument was passed! For information about writing templates and setting the tokenizer.chat_template attribute, please see the documentation at https://huggingface.co/docs/transformers/main/en/chat_templating"
Juniper tumbles on Q1 warning; Cisco also lower https://t.co/N8X8BpLJ1E $JNPR $CSCO,negative,"[Error] Cannot use chat template functions because tokenizer.chat_template is not set and no template argument was passed! For information about writing templates and setting the tokenizer.chat_template attribute, please see the documentation at https://huggingface.co/docs/transformers/main/en/chat_templating"
ARM Holdings plc Partners With International Business Machines Corp. To Drive ...,positive,"[Error] Cannot use chat template functions because tokenizer.chat_template is not set and no template argument was passed! For information about writing templates and setting the tokenizer.chat_template attribute, please see the documentation at https://huggingface.co/docs/transformers/main/en/chat_templating"
Insurers: Admiral blows hot and cold but Aviva soars pre-Friends Life merger,neutral,"[Error] Cannot use chat template functions because tokenizer.chat_template is not set and no template argument was passed! For information about writing templates and setting the tokenizer.chat_template attribute, please see the documentation at https://huggingface.co/docs/transformers/main/en/chat_templating"
Netflix Grows Efforts To Create Loyal Customers $NFLX https://t.co/5QXBkoBphe,positive,"[Error] Cannot use chat template functions because tokenizer.chat_template is not set and no template argument was passed! For information about writing templates and setting the tokenizer.chat_template attribute, please see the documentation at https://huggingface.co/docs/transformers/main/en/chat_templating"
Shares in BAE Systems hit 10-month high on rating upgrade,positive,"[Error] Cannot use chat template functions because tokenizer.chat_template is not set and no template argument was passed! For information about writing templates and setting the tokenizer.chat_template attribute, please see the documentation at https://huggingface.co/docs/transformers/main/en/chat_templating"
#Apple up almost 20% from its February lows with very little fanfare. $AAPL,positive,"[Error] Cannot use chat template functions because tokenizer.chat_template is not set and no template argument was passed! For information about writing templates and setting the tokenizer.chat_template attribute, please see the documentation at https://huggingface.co/docs/transformers/main/en/chat_templating"
"AstraZeneca bags another cancer drug deal, this time with Inovio",positive,"[Error] Cannot use chat template functions because tokenizer.chat_template is not set and no template argument was passed! For information about writing templates and setting the tokenizer.chat_template attribute, please see the documentation at https://huggingface.co/docs/transformers/main/en/chat_templating"
"ACE Limited, which has a 17 year dividend growth streak, plans a 33% dividend hike: http://stks.co/1BUE $ACE",positive,"[Error] Cannot use chat template functions because tokenizer.chat_template is not set and no template argument was passed! For information about writing templates and setting the tokenizer.chat_template attribute, please see the documentation at https://huggingface.co/docs/transformers/main/en/chat_templating"
$MSFT SQL Server revenue grew double-digit with SQL Server Premium revenue growing over 30% http://stks.co/ir2F,positive,"[Error] Cannot use chat template functions because tokenizer.chat_template is not set and no template argument was passed! For information about writing templates and setting the tokenizer.chat_template attribute, please see the documentation at https://huggingface.co/docs/transformers/main/en/chat_templating"
long $AAPL,positive,"[Error] Cannot use chat template functions because tokenizer.chat_template is not set and no template argument was passed! For information about writing templates and setting the tokenizer.chat_template attribute, please see the documentation at https://huggingface.co/docs/transformers/main/en/chat_templating"
"$RIG whos ever pushing this is crazy, get ready for suspended dividend (turning into growth stock) blow out earnings, and major buyback, lol",neutral,"[Error] Cannot use chat template functions because tokenizer.chat_template is not set and no template argument was passed! For information about writing templates and setting the tokenizer.chat_template attribute, please see the documentation at https://huggingface.co/docs/transformers/main/en/chat_templating"
GSK and Novartis complete deals to reshape both drugmakers,positive,"[Error] Cannot use chat template functions because tokenizer.chat_template is not set and no template argument was passed! For information about writing templates and setting the tokenizer.chat_template attribute, please see the documentation at https://huggingface.co/docs/transformers/main/en/chat_templating"
"Tesco, Asda sales fall as march of the discounters continues-Kantar",negative,"[Error] Cannot use chat template functions because tokenizer.chat_template is not set and no template argument was passed! For information about writing templates and setting the tokenizer.chat_template attribute, please see the documentation at https://huggingface.co/docs/transformers/main/en/chat_templating"
$SAVE long. https://t.co/yEJuS9cMlC,positive,"[Error] Cannot use chat template functions because tokenizer.chat_template is not set and no template argument was passed! For information about writing templates and setting the tokenizer.chat_template attribute, please see the documentation at https://huggingface.co/docs/transformers/main/en/chat_templating"
5 Best Analyst Rated Stocks in Last 72hrs: $ORCL $AAPL $CBS $INO $CPXX View all ratings here: https://t.co/IRID6zd5gc,positive,"[Error] Cannot use chat template functions because tokenizer.chat_template is not set and no template argument was passed! For information about writing templates and setting the tokenizer.chat_template attribute, please see the documentation at https://huggingface.co/docs/transformers/main/en/chat_templating"
$aapl.  Test the high today and probably go beyond after hours...,positive,"[Error] Cannot use chat template functions because tokenizer.chat_template is not set and no template argument was passed! For information about writing templates and setting the tokenizer.chat_template attribute, please see the documentation at https://huggingface.co/docs/transformers/main/en/chat_templating"
"Tesla Motors recalls 2,700 Model X SUVs $TSLA https://t.co/F55dx4aegI",negative,"[Error] Cannot use chat template functions because tokenizer.chat_template is not set and no template argument was passed! For information about writing templates and setting the tokenizer.chat_template attribute, please see the documentation at https://huggingface.co/docs/transformers/main/en/chat_templating"
"@sharkbiotech If anyone is selling/shorting $AGN b/c you believe $ENDP rumors to be realistic, then I'll take the other side of that trade",positive,"[Error] Cannot use chat template functions because tokenizer.chat_template is not set and no template argument was passed! For information about writing templates and setting the tokenizer.chat_template attribute, please see the documentation at https://huggingface.co/docs/transformers/main/en/chat_templating"
AstraZeneca profit down as sales of stalwarts fade,negative,"[Error] Cannot use chat template functions because tokenizer.chat_template is not set and no template argument was passed! For information about writing templates and setting the tokenizer.chat_template attribute, please see the documentation at https://huggingface.co/docs/transformers/main/en/chat_templating"
$DMND green and moving,positive,"[Error] Cannot use chat template functions because tokenizer.chat_template is not set and no template argument was passed! For information about writing templates and setting the tokenizer.chat_template attribute, please see the documentation at https://huggingface.co/docs/transformers/main/en/chat_templating"
"$TSLA looking good..i'd love to see a basing action here, letting the RSI take a breather. http://stks.co/g1T7c",positive,"[Error] Cannot use chat template functions because tokenizer.chat_template is not set and no template argument was passed! For information about writing templates and setting the tokenizer.chat_template attribute, please see the documentation at https://huggingface.co/docs/transformers/main/en/chat_templating"
TripAdvisor jumps on M&A rumors https://t.co/O4lwCDXMbr $TRIP,positive,"[Error] Cannot use chat template functions because tokenizer.chat_template is not set and no template argument was passed! For information about writing templates and setting the tokenizer.chat_template attribute, please see the documentation at https://huggingface.co/docs/transformers/main/en/chat_templating"
Unilever profit rises despite sales slump in China,positive,"[Error] Cannot use chat template functions because tokenizer.chat_template is not set and no template argument was passed! For information about writing templates and setting the tokenizer.chat_template attribute, please see the documentation at https://huggingface.co/docs/transformers/main/en/chat_templating"
Sold some $TSLA Puts this morning Closed them at the close. Helps pay for monthly expenses,neutral,"[Error] Cannot use chat template functions because tokenizer.chat_template is not set and no template argument was passed! For information about writing templates and setting the tokenizer.chat_template attribute, please see the documentation at https://huggingface.co/docs/transformers/main/en/chat_templating"
"Lots of metal stocks look like a 5-10% run awaits. Long $SSRI,$PAAS and $NEM but most high quality names should go if metal prices cooperate",positive,"[Error] Cannot use chat template functions because tokenizer.chat_template is not set and no template argument was passed! For information about writing templates and setting the tokenizer.chat_template attribute, please see the documentation at https://huggingface.co/docs/transformers/main/en/chat_templating"
"$HPQ Says Breakup Will Cost Billions, but Sees Savings Too http://stks.co/p27hZ",negative,"[Error] Cannot use chat template functions because tokenizer.chat_template is not set and no template argument was passed! For information about writing templates and setting the tokenizer.chat_template attribute, please see the documentation at https://huggingface.co/docs/transformers/main/en/chat_templating"
Shire Sees Baxalta Deal Closing as Expected After New Rules,positive,"[Error] Cannot use chat template functions because tokenizer.chat_template is not set and no template argument was passed! For information about writing templates and setting the tokenizer.chat_template attribute, please see the documentation at https://huggingface.co/docs/transformers/main/en/chat_templating"
The Coca-Cola Company and Coca-Cola FEMSA to Acquire AdeS Soy-Based Beverage Business From Unilever,positive,"[Error] Cannot use chat template functions because tokenizer.chat_template is not set and no template argument was passed! For information about writing templates and setting the tokenizer.chat_template attribute, please see the documentation at https://huggingface.co/docs/transformers/main/en/chat_templating"
Covered my small $MWW short @ 7.99 for a .16 loss. Flat on the day. All cash now.,positive,"[Error] Cannot use chat template functions because tokenizer.chat_template is not set and no template argument was passed! For information about writing templates and setting the tokenizer.chat_template attribute, please see the documentation at https://huggingface.co/docs/transformers/main/en/chat_templating"
"$KNDI Let's see some higher highs and higher lows rest of the day , slow and steady",positive,"[Error] Cannot use chat template functions because tokenizer.chat_template is not set and no template argument was passed! For information about writing templates and setting the tokenizer.chat_template attribute, please see the documentation at https://huggingface.co/docs/transformers/main/en/chat_templating"
$TSLA not dipping - testing the 200 day ma https://t.co/jEPLmZQKGW,positive,"[Error] Cannot use chat template functions because tokenizer.chat_template is not set and no template argument was passed! For information about writing templates and setting the tokenizer.chat_template attribute, please see the documentation at https://huggingface.co/docs/transformers/main/en/chat_templating"
Valeant Said to Name New CEO With Pearson Still Hospitalized,neutral,"[Error] Cannot use chat template functions because tokenizer.chat_template is not set and no template argument was passed! For information about writing templates and setting the tokenizer.chat_template attribute, please see the documentation at https://huggingface.co/docs/transformers/main/en/chat_templating"
"AP: Caterpillar posts 60 percent jump in 4Q profit on steep global sales increase, tops Wall St. view > $CAT",positive,"[Error] Cannot use chat template functions because tokenizer.chat_template is not set and no template argument was passed! For information about writing templates and setting the tokenizer.chat_template attribute, please see the documentation at https://huggingface.co/docs/transformers/main/en/chat_templating"
@asdfLLC. Nice pop today. Told ya we would be green haha. Funny you bring that up. I'm actually working on a story about $NOK at the moment,positive,"[Error] Cannot use chat template functions because tokenizer.chat_template is not set and no template argument was passed! For information about writing templates and setting the tokenizer.chat_template attribute, please see the documentation at https://huggingface.co/docs/transformers/main/en/chat_templating"
"Aviva, M&G suspend property funds as investors panic",negative,"[Error] Cannot use chat template functions because tokenizer.chat_template is not set and no template argument was passed! For information about writing templates and setting the tokenizer.chat_template attribute, please see the documentation at https://huggingface.co/docs/transformers/main/en/chat_templating"
L&G completes UK's largest medically underwritten bulk pension risk deal,positive,"[Error] Cannot use chat template functions because tokenizer.chat_template is not set and no template argument was passed! For information about writing templates and setting the tokenizer.chat_template attribute, please see the documentation at https://huggingface.co/docs/transformers/main/en/chat_templating"
BAE Systems's sales boosted by European Typhoon and currencies,positive,"[Error] Cannot use chat template functions because tokenizer.chat_template is not set and no template argument was passed! For information about writing templates and setting the tokenizer.chat_template attribute, please see the documentation at https://huggingface.co/docs/transformers/main/en/chat_templating"
Kingfisher takeover of Mr Bricolage could hit a brick wall,negative,"[Error] Cannot use chat template functions because tokenizer.chat_template is not set and no template argument was passed! For information about writing templates and setting the tokenizer.chat_template attribute, please see the documentation at https://huggingface.co/docs/transformers/main/en/chat_templating"
Phew! So far good $BBRY did not break 10.40 coz I was told that is key support level.,positive,"[Error] Cannot use chat template functions because tokenizer.chat_template is not set and no template argument was passed! For information about writing templates and setting the tokenizer.chat_template attribute, please see the documentation at https://huggingface.co/docs/transformers/main/en/chat_templating"
$HCP Come to the party and buy this -gonna give solid gains and a dividend $$$$$$,positive,"[Error] Cannot use chat template functions because tokenizer.chat_template is not set and no template argument was passed! For information about writing templates and setting the tokenizer.chat_template attribute, please see the documentation at https://huggingface.co/docs/transformers/main/en/chat_templating"
Tesco's Sales Pickup Isn't Enough,negative,"[Error] Cannot use chat template functions because tokenizer.chat_template is not set and no template argument was passed! For information about writing templates and setting the tokenizer.chat_template attribute, please see the documentation at https://huggingface.co/docs/transformers/main/en/chat_templating"
U.S. Debt Lures Schroders as ECB Depresses Rates,neutral,"[Error] Cannot use chat template functions because tokenizer.chat_template is not set and no template argument was passed! For information about writing templates and setting the tokenizer.chat_template attribute, please see the documentation at https://huggingface.co/docs/transformers/main/en/chat_templating"
@Dojiknows th SP and the potential of QNX BES10 and BBM  cross platform will bring good news in time $bbry,positive,"[Error] Cannot use chat template functions because tokenizer.chat_template is not set and no template argument was passed! For information about writing templates and setting the tokenizer.chat_template attribute, please see the documentation at https://huggingface.co/docs/transformers/main/en/chat_templating"
AB InBev's Latest Bid Said Unlikely to Win SABMiller's Approval,positive,"[Error] Cannot use chat template functions because tokenizer.chat_template is not set and no template argument was passed! For information about writing templates and setting the tokenizer.chat_template attribute, please see the documentation at https://huggingface.co/docs/transformers/main/en/chat_templating"
Johnson Matthey revs up on clean air drive,positive,"[Error] Cannot use chat template functions because tokenizer.chat_template is not set and no template argument was passed! For information about writing templates and setting the tokenizer.chat_template attribute, please see the documentation at https://huggingface.co/docs/transformers/main/en/chat_templating"
$ELN longs...congrats...another HOD,positive,"[Error] Cannot use chat template functions because tokenizer.chat_template is not set and no template argument was passed! For information about writing templates and setting the tokenizer.chat_template attribute, please see the documentation at https://huggingface.co/docs/transformers/main/en/chat_templating"
"$TSLA lots of green on the 5 min, watch the hourly $259.33 possible resistance currently @ $257.00",positive,"[Error] Cannot use chat template functions because tokenizer.chat_template is not set and no template argument was passed! For information about writing templates and setting the tokenizer.chat_template attribute, please see the documentation at https://huggingface.co/docs/transformers/main/en/chat_templating"
Barclays poised to replace Sir Mike Rake as he heads for exit,neutral,"[Error] Cannot use chat template functions because tokenizer.chat_template is not set and no template argument was passed! For information about writing templates and setting the tokenizer.chat_template attribute, please see the documentation at https://huggingface.co/docs/transformers/main/en/chat_templating"
$AAPL Now I'm glad I got stopped out of my $113 weeklies when I did. Will re-enter next Monday for the #earnings run-up.,neutral,"[Error] Cannot use chat template functions because tokenizer.chat_template is not set and no template argument was passed! For information about writing templates and setting the tokenizer.chat_template attribute, please see the documentation at https://huggingface.co/docs/transformers/main/en/chat_templating"
This $BBBY stock options trade would have more than doubled your money https://t.co/Oa0loiRIJL via @TheStreet,positive,"[Error] Cannot use chat template functions because tokenizer.chat_template is not set and no template argument was passed! For information about writing templates and setting the tokenizer.chat_template attribute, please see the documentation at https://huggingface.co/docs/transformers/main/en/chat_templating"
$ISRG PT raised to $700 from $640 at Leerink - keeps Outperform rated,positive,"[Error] Cannot use chat template functions because tokenizer.chat_template is not set and no template argument was passed! For information about writing templates and setting the tokenizer.chat_template attribute, please see the documentation at https://huggingface.co/docs/transformers/main/en/chat_templating"
"maybe closing all those $AAPL calls i had this morning was a bad idea, money left on the table...",positive,"[Error] Cannot use chat template functions because tokenizer.chat_template is not set and no template argument was passed! For information about writing templates and setting the tokenizer.chat_template attribute, please see the documentation at https://huggingface.co/docs/transformers/main/en/chat_templating"
Sainsbury's says to outperform rivals in tough market,positive,"[Error] Cannot use chat template functions because tokenizer.chat_template is not set and no template argument was passed! For information about writing templates and setting the tokenizer.chat_template attribute, please see the documentation at https://huggingface.co/docs/transformers/main/en/chat_templating"
$NFLX and $TSLA making all kinds of gains 📈,positive,"[Error] Cannot use chat template functions because tokenizer.chat_template is not set and no template argument was passed! For information about writing templates and setting the tokenizer.chat_template attribute, please see the documentation at https://huggingface.co/docs/transformers/main/en/chat_templating"
$aapl high of day just hit. Back at it tomorrow.,positive,"[Error] Cannot use chat template functions because tokenizer.chat_template is not set and no template argument was passed! For information about writing templates and setting the tokenizer.chat_template attribute, please see the documentation at https://huggingface.co/docs/transformers/main/en/chat_templating"
Insurer Old Mutual picks Standard Bank's Hemphill as new CEO,neutral,"[Error] Cannot use chat template functions because tokenizer.chat_template is not set and no template argument was passed! For information about writing templates and setting the tokenizer.chat_template attribute, please see the documentation at https://huggingface.co/docs/transformers/main/en/chat_templating"
LSE gets Hong Kong regulatory nod to HK firms to become LSE members,positive,"[Error] Cannot use chat template functions because tokenizer.chat_template is not set and no template argument was passed! For information about writing templates and setting the tokenizer.chat_template attribute, please see the documentation at https://huggingface.co/docs/transformers/main/en/chat_templating"
"$TSLA Recalls 2,700 Model X Vehicles; Shares Volatile https://t.co/tcKqZnMIqX #TSLA #tech #stockmarket https://t.co/FeMhJtAmQj",negative,"[Error] Cannot use chat template functions because tokenizer.chat_template is not set and no template argument was passed! For information about writing templates and setting the tokenizer.chat_template attribute, please see the documentation at https://huggingface.co/docs/transformers/main/en/chat_templating"
"Philip Morris, BAT Sue Over Law Taking Branding Off Packs",negative,"[Error] Cannot use chat template functions because tokenizer.chat_template is not set and no template argument was passed! For information about writing templates and setting the tokenizer.chat_template attribute, please see the documentation at https://huggingface.co/docs/transformers/main/en/chat_templating"
BP joins forces with Det Norske in Norway,positive,"[Error] Cannot use chat template functions because tokenizer.chat_template is not set and no template argument was passed! For information about writing templates and setting the tokenizer.chat_template attribute, please see the documentation at https://huggingface.co/docs/transformers/main/en/chat_templating"
$NIHD insiders got this one wrong. Looking for bottom. Rsi under 30,negative,"[Error] Cannot use chat template functions because tokenizer.chat_template is not set and no template argument was passed! For information about writing templates and setting the tokenizer.chat_template attribute, please see the documentation at https://huggingface.co/docs/transformers/main/en/chat_templating"
$CDTI bounce here on support or H&S setup this area is very important for bulls to not lose http://stks.co/c0mf3,positive,"[Error] Cannot use chat template functions because tokenizer.chat_template is not set and no template argument was passed! For information about writing templates and setting the tokenizer.chat_template attribute, please see the documentation at https://huggingface.co/docs/transformers/main/en/chat_templating"
$AAPL near a 3% drop thats a lot... now the best i can do is HOLD ER lol,negative,"[Error] Cannot use chat template functions because tokenizer.chat_template is not set and no template argument was passed! For information about writing templates and setting the tokenizer.chat_template attribute, please see the documentation at https://huggingface.co/docs/transformers/main/en/chat_templating"
"EXCLUSIVE-BP, China's CNPC to unveil oil alliance - sources",positive,"[Error] Cannot use chat template functions because tokenizer.chat_template is not set and no template argument was passed! For information about writing templates and setting the tokenizer.chat_template attribute, please see the documentation at https://huggingface.co/docs/transformers/main/en/chat_templating"
Morrisons faces festive sales test,negative,"[Error] Cannot use chat template functions because tokenizer.chat_template is not set and no template argument was passed! For information about writing templates and setting the tokenizer.chat_template attribute, please see the documentation at https://huggingface.co/docs/transformers/main/en/chat_templating"
Shire says internal synergy goals from Baxalta deal higher,positive,"[Error] Cannot use chat template functions because tokenizer.chat_template is not set and no template argument was passed! For information about writing templates and setting the tokenizer.chat_template attribute, please see the documentation at https://huggingface.co/docs/transformers/main/en/chat_templating"
$VMW  Got a nice push today following small sweepers of May C this morning,positive,"[Error] Cannot use chat template functions because tokenizer.chat_template is not set and no template argument was passed! For information about writing templates and setting the tokenizer.chat_template attribute, please see the documentation at https://huggingface.co/docs/transformers/main/en/chat_templating"
Carnival Corporation and China Merchants Group Sign Memo of Understanding ...,positive,"[Error] Cannot use chat template functions because tokenizer.chat_template is not set and no template argument was passed! For information about writing templates and setting the tokenizer.chat_template attribute, please see the documentation at https://huggingface.co/docs/transformers/main/en/chat_templating"
$FB SHIFTING ON THE 15 MINUTE HERE - SUSPECT TO TAKE HIGHS,positive,"[Error] Cannot use chat template functions because tokenizer.chat_template is not set and no template argument was passed! For information about writing templates and setting the tokenizer.chat_template attribute, please see the documentation at https://huggingface.co/docs/transformers/main/en/chat_templating"
"UPDATE 3-BP settles oil spill-related claims with Halliburton, Transocean",neutral,"[Error] Cannot use chat template functions because tokenizer.chat_template is not set and no template argument was passed! For information about writing templates and setting the tokenizer.chat_template attribute, please see the documentation at https://huggingface.co/docs/transformers/main/en/chat_templating"
"After Barclays and Bank of America, Citigroup has blockchain in sight",positive,"[Error] Cannot use chat template functions because tokenizer.chat_template is not set and no template argument was passed! For information about writing templates and setting the tokenizer.chat_template attribute, please see the documentation at https://huggingface.co/docs/transformers/main/en/chat_templating"
X marks the recall: Tesla recalls #ModelX for faulty 3rd row seat. https://t.co/HSqdoVry07 $TSLA https://t.co/4Cs3CNZEBB,negative,"[Error] Cannot use chat template functions because tokenizer.chat_template is not set and no template argument was passed! For information about writing templates and setting the tokenizer.chat_template attribute, please see the documentation at https://huggingface.co/docs/transformers/main/en/chat_templating"
AstraZeneca to Pay Inovio Up to $700 Million for Cancer Drug,positive,"[Error] Cannot use chat template functions because tokenizer.chat_template is not set and no template argument was passed! For information about writing templates and setting the tokenizer.chat_template attribute, please see the documentation at https://huggingface.co/docs/transformers/main/en/chat_templating"
Can Christmas Save Sainsbury's plc And Tesco plc?,negative,"[Error] Cannot use chat template functions because tokenizer.chat_template is not set and no template argument was passed! For information about writing templates and setting the tokenizer.chat_template attribute, please see the documentation at https://huggingface.co/docs/transformers/main/en/chat_templating"
Teva: FDA Approves Generic Version of AstraZeneca Heartburn Drug,positive,"[Error] Cannot use chat template functions because tokenizer.chat_template is not set and no template argument was passed! For information about writing templates and setting the tokenizer.chat_template attribute, please see the documentation at https://huggingface.co/docs/transformers/main/en/chat_templating"
Shell to buy BG Group in $69.7 billion takeover,positive,"[Error] Cannot use chat template functions because tokenizer.chat_template is not set and no template argument was passed! For information about writing templates and setting the tokenizer.chat_template attribute, please see the documentation at https://huggingface.co/docs/transformers/main/en/chat_templating"
$AMZN new HOD with conviction keeping $570 on watch for Resistance.,positive,"[Error] Cannot use chat template functions because tokenizer.chat_template is not set and no template argument was passed! For information about writing templates and setting the tokenizer.chat_template attribute, please see the documentation at https://huggingface.co/docs/transformers/main/en/chat_templating"
MarketsShire up 2.5% and Baxalta up 6% on $32bn deal,positive,"[Error] Cannot use chat template functions because tokenizer.chat_template is not set and no template argument was passed! For information about writing templates and setting the tokenizer.chat_template attribute, please see the documentation at https://huggingface.co/docs/transformers/main/en/chat_templating"
$FB watching for bounce tomorrow,positive,"[Error] Cannot use chat template functions because tokenizer.chat_template is not set and no template argument was passed! For information about writing templates and setting the tokenizer.chat_template attribute, please see the documentation at https://huggingface.co/docs/transformers/main/en/chat_templating"
Tata Steel working with StanChart for UK unit sale - source,positive,"[Error] Cannot use chat template functions because tokenizer.chat_template is not set and no template argument was passed! For information about writing templates and setting the tokenizer.chat_template attribute, please see the documentation at https://huggingface.co/docs/transformers/main/en/chat_templating"
Meggitt share price tumbles as profit falls in 'challenging year',negative,"[Error] Cannot use chat template functions because tokenizer.chat_template is not set and no template argument was passed! For information about writing templates and setting the tokenizer.chat_template attribute, please see the documentation at https://huggingface.co/docs/transformers/main/en/chat_templating"
"UPDATE: CIB, Legal & General Sell Egyptian Life Joint Venture To AXA",positive,"[Error] Cannot use chat template functions because tokenizer.chat_template is not set and no template argument was passed! For information about writing templates and setting the tokenizer.chat_template attribute, please see the documentation at https://huggingface.co/docs/transformers/main/en/chat_templating"
I'm no professional ANAL-yst but I DO put my $ where my mouth is. $AAPL will do $575 b4 yr.endâ€”That's another hun from here.Long LEAPS =^.^=,positive,"[Error] Cannot use chat template functions because tokenizer.chat_template is not set and no template argument was passed! For information about writing templates and setting the tokenizer.chat_template attribute, please see the documentation at https://huggingface.co/docs/transformers/main/en/chat_templating"
Shire to buy NPS for $5.2 billion to boost rare disease drugs,positive,"[Error] Cannot use chat template functions because tokenizer.chat_template is not set and no template argument was passed! For information about writing templates and setting the tokenizer.chat_template attribute, please see the documentation at https://huggingface.co/docs/transformers/main/en/chat_templating"
Long $X 24.62,positive,"[Error] Cannot use chat template functions because tokenizer.chat_template is not set and no template argument was passed! For information about writing templates and setting the tokenizer.chat_template attribute, please see the documentation at https://huggingface.co/docs/transformers/main/en/chat_templating"
Deutsche Bank Downgraded Starbucks Co. $SBUX https://t.co/QqlEvVwPMV https://t.co/f2PdQjuTHa,negative,"[Error] Cannot use chat template functions because tokenizer.chat_template is not set and no template argument was passed! For information about writing templates and setting the tokenizer.chat_template attribute, please see the documentation at https://huggingface.co/docs/transformers/main/en/chat_templating"
British American Tobacco drops and sues PwC over pollution scandal,negative,"[Error] Cannot use chat template functions because tokenizer.chat_template is not set and no template argument was passed! For information about writing templates and setting the tokenizer.chat_template attribute, please see the documentation at https://huggingface.co/docs/transformers/main/en/chat_templating"
Tesco shareholders back ITV head for chairman,positive,"[Error] Cannot use chat template functions because tokenizer.chat_template is not set and no template argument was passed! For information about writing templates and setting the tokenizer.chat_template attribute, please see the documentation at https://huggingface.co/docs/transformers/main/en/chat_templating"
$EBAY had a nice breakout of the recent consolidation. Congrats to those who had it. http://stks.co/2TAd,positive,"[Error] Cannot use chat template functions because tokenizer.chat_template is not set and no template argument was passed! For information about writing templates and setting the tokenizer.chat_template attribute, please see the documentation at https://huggingface.co/docs/transformers/main/en/chat_templating"
"RT @Dasan @TMTanalyst ...since $AAPL mastered their supply chain // in cornering NAND, Apple mastered EVERYONE'S supply chain!",positive,"[Error] Cannot use chat template functions because tokenizer.chat_template is not set and no template argument was passed! For information about writing templates and setting the tokenizer.chat_template attribute, please see the documentation at https://huggingface.co/docs/transformers/main/en/chat_templating"
Asahi could be about to snap up more of SABMiller's beers ahead of AB InBev sale,positive,"[Error] Cannot use chat template functions because tokenizer.chat_template is not set and no template argument was passed! For information about writing templates and setting the tokenizer.chat_template attribute, please see the documentation at https://huggingface.co/docs/transformers/main/en/chat_templating"
Added more $BBBY @jimcramer is wrong about this one. Still a very profitable merchant with profitable stores,positive,"[Error] Cannot use chat template functions because tokenizer.chat_template is not set and no template argument was passed! For information about writing templates and setting the tokenizer.chat_template attribute, please see the documentation at https://huggingface.co/docs/transformers/main/en/chat_templating"
Microsoft joins the open-source Eclipse Foundation https://t.co/z8G5cZaKeU focus on collaboration & open business is a smart strategy! $MSFT,positive,"[Error] Cannot use chat template functions because tokenizer.chat_template is not set and no template argument was passed! For information about writing templates and setting the tokenizer.chat_template attribute, please see the documentation at https://huggingface.co/docs/transformers/main/en/chat_templating"
GE to Sell Majority Stake in Bank BPH's Core Bank to Alior Bank,positive,"[Error] Cannot use chat template functions because tokenizer.chat_template is not set and no template argument was passed! For information about writing templates and setting the tokenizer.chat_template attribute, please see the documentation at https://huggingface.co/docs/transformers/main/en/chat_templating"
London Stock Exchange Shareholders Approve Merger With Deutsche BÃ¶rse,positive,"[Error] Cannot use chat template functions because tokenizer.chat_template is not set and no template argument was passed! For information about writing templates and setting the tokenizer.chat_template attribute, please see the documentation at https://huggingface.co/docs/transformers/main/en/chat_templating"
"$AXDX I got bored, and took my proprietary profit exit. I didn't like the option liquidity and lousy spreads.",negative,"[Error] Cannot use chat template functions because tokenizer.chat_template is not set and no template argument was passed! For information about writing templates and setting the tokenizer.chat_template attribute, please see the documentation at https://huggingface.co/docs/transformers/main/en/chat_templating"
How Kraft-Heinz Merger Came Together in Speedy 10 Weeks,positive,"[Error] Cannot use chat template functions because tokenizer.chat_template is not set and no template argument was passed! For information about writing templates and setting the tokenizer.chat_template attribute, please see the documentation at https://huggingface.co/docs/transformers/main/en/chat_templating"
$BBRY hearing rumours of a major joint venture announcement.,positive,"[Error] Cannot use chat template functions because tokenizer.chat_template is not set and no template argument was passed! For information about writing templates and setting the tokenizer.chat_template attribute, please see the documentation at https://huggingface.co/docs/transformers/main/en/chat_templating"
AstraZeneca shares climb 3% as drug maker ups profits forecasts,positive,"[Error] Cannot use chat template functions because tokenizer.chat_template is not set and no template argument was passed! For information about writing templates and setting the tokenizer.chat_template attribute, please see the documentation at https://huggingface.co/docs/transformers/main/en/chat_templating"
"FDA panel backs safety updates for AstraZeneca, Takeda drugs",positive,"[Error] Cannot use chat template functions because tokenizer.chat_template is not set and no template argument was passed! For information about writing templates and setting the tokenizer.chat_template attribute, please see the documentation at https://huggingface.co/docs/transformers/main/en/chat_templating"
Tullow Oil Suspends Dividend Amid Oil Price Fall,negative,"[Error] Cannot use chat template functions because tokenizer.chat_template is not set and no template argument was passed! For information about writing templates and setting the tokenizer.chat_template attribute, please see the documentation at https://huggingface.co/docs/transformers/main/en/chat_templating"
Buffett's Company Reports 37 Percent Drop in 2Q Earnings,negative,"[Error] Cannot use chat template functions because tokenizer.chat_template is not set and no template argument was passed! For information about writing templates and setting the tokenizer.chat_template attribute, please see the documentation at https://huggingface.co/docs/transformers/main/en/chat_templating"
$NUGT longer term bullish,positive,"[Error] Cannot use chat template functions because tokenizer.chat_template is not set and no template argument was passed! For information about writing templates and setting the tokenizer.chat_template attribute, please see the documentation at https://huggingface.co/docs/transformers/main/en/chat_templating"
$MFLX up  pre mkt. Looks like GAP has been filled....lookin 4 short opt here,negative,"[Error] Cannot use chat template functions because tokenizer.chat_template is not set and no template argument was passed! For information about writing templates and setting the tokenizer.chat_template attribute, please see the documentation at https://huggingface.co/docs/transformers/main/en/chat_templating"
easyJet leads Britain's FTSE lower as global bond rout resumes,negative,"[Error] Cannot use chat template functions because tokenizer.chat_template is not set and no template argument was passed! For information about writing templates and setting the tokenizer.chat_template attribute, please see the documentation at https://huggingface.co/docs/transformers/main/en/chat_templating"
$AAPL at resistance right here...sold my shares...will buy back if it dips or if it goes in the 128 gap zone,negative,"[Error] Cannot use chat template functions because tokenizer.chat_template is not set and no template argument was passed! For information about writing templates and setting the tokenizer.chat_template attribute, please see the documentation at https://huggingface.co/docs/transformers/main/en/chat_templating"
I don't see it. 200 day sma is the big hurdle. There is a good base building. $NFLX  https://t.co/ImKYGO2cyc,positive,"[Error] Cannot use chat template functions because tokenizer.chat_template is not set and no template argument was passed! For information about writing templates and setting the tokenizer.chat_template attribute, please see the documentation at https://huggingface.co/docs/transformers/main/en/chat_templating"
Slump in Weir leads FTSE down from record high,negative,"[Error] Cannot use chat template functions because tokenizer.chat_template is not set and no template argument was passed! For information about writing templates and setting the tokenizer.chat_template attribute, please see the documentation at https://huggingface.co/docs/transformers/main/en/chat_templating"
G4S sees profits rise but UK contract problems remain,positive,"[Error] Cannot use chat template functions because tokenizer.chat_template is not set and no template argument was passed! For information about writing templates and setting the tokenizer.chat_template attribute, please see the documentation at https://huggingface.co/docs/transformers/main/en/chat_templating"
$BAC $ADSK $NFLX long this morning,positive,"[Error] Cannot use chat template functions because tokenizer.chat_template is not set and no template argument was passed! For information about writing templates and setting the tokenizer.chat_template attribute, please see the documentation at https://huggingface.co/docs/transformers/main/en/chat_templating"
$BBRY both 1m/6m trends turn bullish today with a resistance level at $11.31. http://stks.co/j1qt6,positive,"[Error] Cannot use chat template functions because tokenizer.chat_template is not set and no template argument was passed! For information about writing templates and setting the tokenizer.chat_template attribute, please see the documentation at https://huggingface.co/docs/transformers/main/en/chat_templating"
Tesco shares jump 6% after Christmas sales beat expectations,positive,"[Error] Cannot use chat template functions because tokenizer.chat_template is not set and no template argument was passed! For information about writing templates and setting the tokenizer.chat_template attribute, please see the documentation at https://huggingface.co/docs/transformers/main/en/chat_templating"
Surprising to see $JWN and $SKS sales numbers still holding up so well. I guess the high end might not be a concern after all.,positive,"[Error] Cannot use chat template functions because tokenizer.chat_template is not set and no template argument was passed! For information about writing templates and setting the tokenizer.chat_template attribute, please see the documentation at https://huggingface.co/docs/transformers/main/en/chat_templating"
$AAPL long 630.91,positive,"[Error] Cannot use chat template functions because tokenizer.chat_template is not set and no template argument was passed! For information about writing templates and setting the tokenizer.chat_template attribute, please see the documentation at https://huggingface.co/docs/transformers/main/en/chat_templating"
"Are Aviva plc, Direct Line Insurance Group PLC And Admiral Group plc Set To Soar?",positive,"[Error] Cannot use chat template functions because tokenizer.chat_template is not set and no template argument was passed! For information about writing templates and setting the tokenizer.chat_template attribute, please see the documentation at https://huggingface.co/docs/transformers/main/en/chat_templating"
Credit Suisse poaches Prudential's Thiam for Asian push,positive,"[Error] Cannot use chat template functions because tokenizer.chat_template is not set and no template argument was passed! For information about writing templates and setting the tokenizer.chat_template attribute, please see the documentation at https://huggingface.co/docs/transformers/main/en/chat_templating"
Compass Group says positive for year ahead,positive,"[Error] Cannot use chat template functions because tokenizer.chat_template is not set and no template argument was passed! For information about writing templates and setting the tokenizer.chat_template attribute, please see the documentation at https://huggingface.co/docs/transformers/main/en/chat_templating"
"Sheryl Sandberg Sells 109,000 Shares of Facebook Inc $FB Stock https://t.co/3vXT7AMnpk via @RatingsNetwork",negative,"[Error] Cannot use chat template functions because tokenizer.chat_template is not set and no template argument was passed! For information about writing templates and setting the tokenizer.chat_template attribute, please see the documentation at https://huggingface.co/docs/transformers/main/en/chat_templating"
"$AAPL is now beaten down, hated, etc. / hhhmm opposite of 700> what happens next?",negative,"[Error] Cannot use chat template functions because tokenizer.chat_template is not set and no template argument was passed! For information about writing templates and setting the tokenizer.chat_template attribute, please see the documentation at https://huggingface.co/docs/transformers/main/en/chat_templating"
"$ENDP exit reversal .11 X 3K shares = $330 - now Long - not getting follow through, either side of price action",positive,"[Error] Cannot use chat template functions because tokenizer.chat_template is not set and no template argument was passed! For information about writing templates and setting the tokenizer.chat_template attribute, please see the documentation at https://huggingface.co/docs/transformers/main/en/chat_templating"
"$STX long play, another consistent profit zone.. check it out https://t.co/DQfuzOzYlh https://t.co/ggne4ayzqn",positive,"[Error] Cannot use chat template functions because tokenizer.chat_template is not set and no template argument was passed! For information about writing templates and setting the tokenizer.chat_template attribute, please see the documentation at https://huggingface.co/docs/transformers/main/en/chat_templating"
"$AAPL AAPL finally breaking under the 49 M.A.. With no buybacks this week, look for AAPL to test the 120 support area.",negative,"[Error] Cannot use chat template functions because tokenizer.chat_template is not set and no template argument was passed! For information about writing templates and setting the tokenizer.chat_template attribute, please see the documentation at https://huggingface.co/docs/transformers/main/en/chat_templating"
$PRGN A bottom right here?,neutral,"[Error] Cannot use chat template functions because tokenizer.chat_template is not set and no template argument was passed! For information about writing templates and setting the tokenizer.chat_template attribute, please see the documentation at https://huggingface.co/docs/transformers/main/en/chat_templating"
"Maglan Capital Up +20.84% In February, Long Fairpoint  http://stks.co/s1eQc $$ $FRP",positive,"[Error] Cannot use chat template functions because tokenizer.chat_template is not set and no template argument was passed! For information about writing templates and setting the tokenizer.chat_template attribute, please see the documentation at https://huggingface.co/docs/transformers/main/en/chat_templating"
Glencore blames rivals for creating metals glut,negative,"[Error] Cannot use chat template functions because tokenizer.chat_template is not set and no template argument was passed! For information about writing templates and setting the tokenizer.chat_template attribute, please see the documentation at https://huggingface.co/docs/transformers/main/en/chat_templating"
stole my tweet. really wouldn't be surprised if we took out 423 and pinned around it RT @totalguru We could possibly even see425 today $AAPL,positive,"[Error] Cannot use chat template functions because tokenizer.chat_template is not set and no template argument was passed! For information about writing templates and setting the tokenizer.chat_template attribute, please see the documentation at https://huggingface.co/docs/transformers/main/en/chat_templating"
"$FB trend, hits mid 110's and drops",negative,"[Error] Cannot use chat template functions because tokenizer.chat_template is not set and no template argument was passed! For information about writing templates and setting the tokenizer.chat_template attribute, please see the documentation at https://huggingface.co/docs/transformers/main/en/chat_templating"
$SPY Could the pride of social media be gettin ready to fall?  $FB - chart rolling over?,negative,"[Error] Cannot use chat template functions because tokenizer.chat_template is not set and no template argument was passed! For information about writing templates and setting the tokenizer.chat_template attribute, please see the documentation at https://huggingface.co/docs/transformers/main/en/chat_templating"
@mugatushair Now it is time to short $TSLA,negative,"[Error] Cannot use chat template functions because tokenizer.chat_template is not set and no template argument was passed! For information about writing templates and setting the tokenizer.chat_template attribute, please see the documentation at https://huggingface.co/docs/transformers/main/en/chat_templating"
$JNK http://stks.co/2Fcm Does not want to go down... risk appetite still high,positive,"[Error] Cannot use chat template functions because tokenizer.chat_template is not set and no template argument was passed! For information about writing templates and setting the tokenizer.chat_template attribute, please see the documentation at https://huggingface.co/docs/transformers/main/en/chat_templating"
Royal Dutch Shell to Buy BG Group for Nearly $70 Billion,positive,"[Error] Cannot use chat template functions because tokenizer.chat_template is not set and no template argument was passed! For information about writing templates and setting the tokenizer.chat_template attribute, please see the documentation at https://huggingface.co/docs/transformers/main/en/chat_templating"
Short on $ATVI from 24.55.,negative,"[Error] Cannot use chat template functions because tokenizer.chat_template is not set and no template argument was passed! For information about writing templates and setting the tokenizer.chat_template attribute, please see the documentation at https://huggingface.co/docs/transformers/main/en/chat_templating"
$WMT BULLISH with MACD CROSSOVER with RSI and STO going up - above 73.4$ MA50 res. could run http://stks.co/gGCq,positive,"[Error] Cannot use chat template functions because tokenizer.chat_template is not set and no template argument was passed! For information about writing templates and setting the tokenizer.chat_template attribute, please see the documentation at https://huggingface.co/docs/transformers/main/en/chat_templating"
"Homebuilders - $RYL breaking below support, watch this one.  $SPY",negative,"[Error] Cannot use chat template functions because tokenizer.chat_template is not set and no template argument was passed! For information about writing templates and setting the tokenizer.chat_template attribute, please see the documentation at https://huggingface.co/docs/transformers/main/en/chat_templating"
AstraZeneca Teams With Daiichi Sankyo To Sell Movantik In US,positive,"[Error] Cannot use chat template functions because tokenizer.chat_template is not set and no template argument was passed! For information about writing templates and setting the tokenizer.chat_template attribute, please see the documentation at https://huggingface.co/docs/transformers/main/en/chat_templating"
$RIMM $spx $nya $compq $djia all going down,negative,"[Error] Cannot use chat template functions because tokenizer.chat_template is not set and no template argument was passed! For information about writing templates and setting the tokenizer.chat_template attribute, please see the documentation at https://huggingface.co/docs/transformers/main/en/chat_templating"
$YHOO making new HOD,positive,"[Error] Cannot use chat template functions because tokenizer.chat_template is not set and no template argument was passed! For information about writing templates and setting the tokenizer.chat_template attribute, please see the documentation at https://huggingface.co/docs/transformers/main/en/chat_templating"
$AMGN And #UCB Announce Positive Top-Line Results From Ph3 Study Evaluating Romosozumab In Men... https://t.co/4hBoUDR8B8 via @YahooFinance,positive,"[Error] Cannot use chat template functions because tokenizer.chat_template is not set and no template argument was passed! For information about writing templates and setting the tokenizer.chat_template attribute, please see the documentation at https://huggingface.co/docs/transformers/main/en/chat_templating"
Apple Inc.: The Rip-Roaring Rally Is Just Beginning! (AAPL) | InvestorPlace $AAPL https://t.co/jrcFC8XlY9,positive,"[Error] Cannot use chat template functions because tokenizer.chat_template is not set and no template argument was passed! For information about writing templates and setting the tokenizer.chat_template attribute, please see the documentation at https://huggingface.co/docs/transformers/main/en/chat_templating"
Costco: A Premier Retail Dividend Play https://t.co/J3UhTs022M $COST,positive,"[Error] Cannot use chat template functions because tokenizer.chat_template is not set and no template argument was passed! For information about writing templates and setting the tokenizer.chat_template attribute, please see the documentation at https://huggingface.co/docs/transformers/main/en/chat_templating"
Why AstraZeneca plc & Dixons Carphone PLC Are Red-Hot Growth Stars!,positive,"[Error] Cannot use chat template functions because tokenizer.chat_template is not set and no template argument was passed! For information about writing templates and setting the tokenizer.chat_template attribute, please see the documentation at https://huggingface.co/docs/transformers/main/en/chat_templating"
@catskillfishing  Note the monthly chart of $GDX & how it recaptured support. $GLD possible double bottom set up. http://stks.co/aw6z,positive,"[Error] Cannot use chat template functions because tokenizer.chat_template is not set and no template argument was passed! For information about writing templates and setting the tokenizer.chat_template attribute, please see the documentation at https://huggingface.co/docs/transformers/main/en/chat_templating"
HSBC Hit by Fresh Details of Tax Evasion Claims,negative,"[Error] Cannot use chat template functions because tokenizer.chat_template is not set and no template argument was passed! For information about writing templates and setting the tokenizer.chat_template attribute, please see the documentation at https://huggingface.co/docs/transformers/main/en/chat_templating"
"$DPZ broke out now of his bull flag channel and make new highs, but volume is very poor",positive,"[Error] Cannot use chat template functions because tokenizer.chat_template is not set and no template argument was passed! For information about writing templates and setting the tokenizer.chat_template attribute, please see the documentation at https://huggingface.co/docs/transformers/main/en/chat_templating"
$HITK  Resuming advance into new historical highs.,positive,"[Error] Cannot use chat template functions because tokenizer.chat_template is not set and no template argument was passed! For information about writing templates and setting the tokenizer.chat_template attribute, please see the documentation at https://huggingface.co/docs/transformers/main/en/chat_templating"
UPDATE 3-Stifel to buy former Lehman brokerage from Barclays,positive,"[Error] Cannot use chat template functions because tokenizer.chat_template is not set and no template argument was passed! For information about writing templates and setting the tokenizer.chat_template attribute, please see the documentation at https://huggingface.co/docs/transformers/main/en/chat_templating"
RT @tomhend777 $MU needs to hold here -Broken for now. Needs big flush. Still not technically oversold so now big bounce yet,neutral,"[Error] Cannot use chat template functions because tokenizer.chat_template is not set and no template argument was passed! For information about writing templates and setting the tokenizer.chat_template attribute, please see the documentation at https://huggingface.co/docs/transformers/main/en/chat_templating"
CompaniesCar insurer Hastings Group driving Â£180m IPO,positive,"[Error] Cannot use chat template functions because tokenizer.chat_template is not set and no template argument was passed! For information about writing templates and setting the tokenizer.chat_template attribute, please see the documentation at https://huggingface.co/docs/transformers/main/en/chat_templating"
Deutsche Bank cuts $SBUX,negative,"[Error] Cannot use chat template functions because tokenizer.chat_template is not set and no template argument was passed! For information about writing templates and setting the tokenizer.chat_template attribute, please see the documentation at https://huggingface.co/docs/transformers/main/en/chat_templating"
AstraZeneca's patent on asthma drug invalidated by US court,negative,"[Error] Cannot use chat template functions because tokenizer.chat_template is not set and no template argument was passed! For information about writing templates and setting the tokenizer.chat_template attribute, please see the documentation at https://huggingface.co/docs/transformers/main/en/chat_templating"
"Goldman Sachs, Barclays, HSBC downplay Brexit threat",negative,"[Error] Cannot use chat template functions because tokenizer.chat_template is not set and no template argument was passed! For information about writing templates and setting the tokenizer.chat_template attribute, please see the documentation at https://huggingface.co/docs/transformers/main/en/chat_templating"
$MTD (Mettler-Toledo) ready for a breakout,positive,"[Error] Cannot use chat template functions because tokenizer.chat_template is not set and no template argument was passed! For information about writing templates and setting the tokenizer.chat_template attribute, please see the documentation at https://huggingface.co/docs/transformers/main/en/chat_templating"
2 Turnaround Buys For 2016? BHP Billiton plc And Home Retail Group Plc,positive,"[Error] Cannot use chat template functions because tokenizer.chat_template is not set and no template argument was passed! For information about writing templates and setting the tokenizer.chat_template attribute, please see the documentation at https://huggingface.co/docs/transformers/main/en/chat_templating"
TRLPC - CRH backs Lafarge Holcim asset buy with 6.5 bln euro bridge loan,positive,"[Error] Cannot use chat template functions because tokenizer.chat_template is not set and no template argument was passed! For information about writing templates and setting the tokenizer.chat_template attribute, please see the documentation at https://huggingface.co/docs/transformers/main/en/chat_templating"
"$HSC Receives 7-Year, $50M Contract at New Saudi Arabian Steel Mill",positive,"[Error] Cannot use chat template functions because tokenizer.chat_template is not set and no template argument was passed! For information about writing templates and setting the tokenizer.chat_template attribute, please see the documentation at https://huggingface.co/docs/transformers/main/en/chat_templating"
CRH's concrete bid for Holcim Lafarge assets,positive,"[Error] Cannot use chat template functions because tokenizer.chat_template is not set and no template argument was passed! For information about writing templates and setting the tokenizer.chat_template attribute, please see the documentation at https://huggingface.co/docs/transformers/main/en/chat_templating"
$CRK time to accumulate for a long position with far more upside than downside,positive,"[Error] Cannot use chat template functions because tokenizer.chat_template is not set and no template argument was passed! For information about writing templates and setting the tokenizer.chat_template attribute, please see the documentation at https://huggingface.co/docs/transformers/main/en/chat_templating"
Berkshire seeks to boost its Wells Fargo stake above 10 percent,positive,"[Error] Cannot use chat template functions because tokenizer.chat_template is not set and no template argument was passed! For information about writing templates and setting the tokenizer.chat_template attribute, please see the documentation at https://huggingface.co/docs/transformers/main/en/chat_templating"
S&P downgrades Barclays and RBS on government bailout fears,negative,"[Error] Cannot use chat template functions because tokenizer.chat_template is not set and no template argument was passed! For information about writing templates and setting the tokenizer.chat_template attribute, please see the documentation at https://huggingface.co/docs/transformers/main/en/chat_templating"
"Broker tips: RBS, Croda, Sage",positive,"[Error] Cannot use chat template functions because tokenizer.chat_template is not set and no template argument was passed! For information about writing templates and setting the tokenizer.chat_template attribute, please see the documentation at https://huggingface.co/docs/transformers/main/en/chat_templating"
Merkel's Government Said to Support Deutsche Boerse-LSE Merger,positive,"[Error] Cannot use chat template functions because tokenizer.chat_template is not set and no template argument was passed! For information about writing templates and setting the tokenizer.chat_template attribute, please see the documentation at https://huggingface.co/docs/transformers/main/en/chat_templating"
"UPDATE 3-BP settles oil spill-related claims with Halliburton, Transocean",negative,"[Error] Cannot use chat template functions because tokenizer.chat_template is not set and no template argument was passed! For information about writing templates and setting the tokenizer.chat_template attribute, please see the documentation at https://huggingface.co/docs/transformers/main/en/chat_templating"
InterContinental Hotels Denies Reports of Starwood Merger Talks,neutral,"[Error] Cannot use chat template functions because tokenizer.chat_template is not set and no template argument was passed! For information about writing templates and setting the tokenizer.chat_template attribute, please see the documentation at https://huggingface.co/docs/transformers/main/en/chat_templating"
"$GLD http://stks.co/jr8 Daily chart - though RSI and Stoch. point at a possible move up, there's a lot of resistance.",positive,"[Error] Cannot use chat template functions because tokenizer.chat_template is not set and no template argument was passed! For information about writing templates and setting the tokenizer.chat_template attribute, please see the documentation at https://huggingface.co/docs/transformers/main/en/chat_templating"
Tesco share price down as grocer faces SFO investigation outcome,negative,"[Error] Cannot use chat template functions because tokenizer.chat_template is not set and no template argument was passed! For information about writing templates and setting the tokenizer.chat_template attribute, please see the documentation at https://huggingface.co/docs/transformers/main/en/chat_templating"
CompaniesKingfisher bid for Mr Bricolage runs into trouble,negative,"[Error] Cannot use chat template functions because tokenizer.chat_template is not set and no template argument was passed! For information about writing templates and setting the tokenizer.chat_template attribute, please see the documentation at https://huggingface.co/docs/transformers/main/en/chat_templating"
$AAPL weekly still under the 50 moving average and creating a lower high. https://t.co/vT7ppzY2UY,negative,"[Error] Cannot use chat template functions because tokenizer.chat_template is not set and no template argument was passed! For information about writing templates and setting the tokenizer.chat_template attribute, please see the documentation at https://huggingface.co/docs/transformers/main/en/chat_templating"
UPDATE 2-Pricey beers lift SABMiller's quarterly underlying sales,positive,"[Error] Cannot use chat template functions because tokenizer.chat_template is not set and no template argument was passed! For information about writing templates and setting the tokenizer.chat_template attribute, please see the documentation at https://huggingface.co/docs/transformers/main/en/chat_templating"
$ZNGA http://stks.co/3rdu Looking for a test at 9.25 resistance point. cc @ cfrazierjr @FletchTrade #traders,positive,"[Error] Cannot use chat template functions because tokenizer.chat_template is not set and no template argument was passed! For information about writing templates and setting the tokenizer.chat_template attribute, please see the documentation at https://huggingface.co/docs/transformers/main/en/chat_templating"
Balfour Beatty plc Set To Reinstate Dividend (And Rival National Grid plc And Centrica PLC Once More?),positive,"[Error] Cannot use chat template functions because tokenizer.chat_template is not set and no template argument was passed! For information about writing templates and setting the tokenizer.chat_template attribute, please see the documentation at https://huggingface.co/docs/transformers/main/en/chat_templating"
#Fintech provider $CAFN Cachet Financial Solutions Surging Forward today post earnings Up +13.26% https://t.co/9BJ3csk2i9 $JKHY $FISV #Momo,positive,"[Error] Cannot use chat template functions because tokenizer.chat_template is not set and no template argument was passed! For information about writing templates and setting the tokenizer.chat_template attribute, please see the documentation at https://huggingface.co/docs/transformers/main/en/chat_templating"
Market Report: Aviva tops the market as traders approve of its choice of Friends,positive,"[Error] Cannot use chat template functions because tokenizer.chat_template is not set and no template argument was passed! For information about writing templates and setting the tokenizer.chat_template attribute, please see the documentation at https://huggingface.co/docs/transformers/main/en/chat_templating"
$UGAZ Will this cold put a dent in the massive horizontal rig production. Who knows  http://stks.co/p1V6P,negative,"[Error] Cannot use chat template functions because tokenizer.chat_template is not set and no template argument was passed! For information about writing templates and setting the tokenizer.chat_template attribute, please see the documentation at https://huggingface.co/docs/transformers/main/en/chat_templating"
$FB Nice buyable intraday dip right here,positive,"[Error] Cannot use chat template functions because tokenizer.chat_template is not set and no template argument was passed! For information about writing templates and setting the tokenizer.chat_template attribute, please see the documentation at https://huggingface.co/docs/transformers/main/en/chat_templating"
$GOOG breakout very likely medium target $700+ http://stks.co/1Lpz http://chart.ly/lgb94rr,positive,"[Error] Cannot use chat template functions because tokenizer.chat_template is not set and no template argument was passed! For information about writing templates and setting the tokenizer.chat_template attribute, please see the documentation at https://huggingface.co/docs/transformers/main/en/chat_templating"
"$TSLA 5th wave down on the 1 hour chart, hammer candle developing, close to 200 sma, might be a good spot for calls",positive,"[Error] Cannot use chat template functions because tokenizer.chat_template is not set and no template argument was passed! For information about writing templates and setting the tokenizer.chat_template attribute, please see the documentation at https://huggingface.co/docs/transformers/main/en/chat_templating"
Citigroup to Sell OneMain to Springleaf for $4.25 Billion,positive,"[Error] Cannot use chat template functions because tokenizer.chat_template is not set and no template argument was passed! For information about writing templates and setting the tokenizer.chat_template attribute, please see the documentation at https://huggingface.co/docs/transformers/main/en/chat_templating"
loading $SPY and $AAPL puts. think were toppy IMHO.,negative,"[Error] Cannot use chat template functions because tokenizer.chat_template is not set and no template argument was passed! For information about writing templates and setting the tokenizer.chat_template attribute, please see the documentation at https://huggingface.co/docs/transformers/main/en/chat_templating"
"$SINA even though the ""report"" is untrue and has been proven unture, the damage is done. No one wants to touch it now",negative,"[Error] Cannot use chat template functions because tokenizer.chat_template is not set and no template argument was passed! For information about writing templates and setting the tokenizer.chat_template attribute, please see the documentation at https://huggingface.co/docs/transformers/main/en/chat_templating"
like $T for a breakout long as well. getting through the 100 and 200 MA could see it run.,positive,"[Error] Cannot use chat template functions because tokenizer.chat_template is not set and no template argument was passed! For information about writing templates and setting the tokenizer.chat_template attribute, please see the documentation at https://huggingface.co/docs/transformers/main/en/chat_templating"
"London open: Taylor Wimpey and Ashtead drive markets higher, Barclays falls",positive,"[Error] Cannot use chat template functions because tokenizer.chat_template is not set and no template argument was passed! For information about writing templates and setting the tokenizer.chat_template attribute, please see the documentation at https://huggingface.co/docs/transformers/main/en/chat_templating"
CRH adds CR Laurence to acquisitions tally for $1.3bn,positive,"[Error] Cannot use chat template functions because tokenizer.chat_template is not set and no template argument was passed! For information about writing templates and setting the tokenizer.chat_template attribute, please see the documentation at https://huggingface.co/docs/transformers/main/en/chat_templating"
$SBUX getting sold here.,negative,"[Error] Cannot use chat template functions because tokenizer.chat_template is not set and no template argument was passed! For information about writing templates and setting the tokenizer.chat_template attribute, please see the documentation at https://huggingface.co/docs/transformers/main/en/chat_templating"
$ISRG - ISRG Short - http://stks.co/f1vVU http://stks.co/c1qrm,negative,"[Error] Cannot use chat template functions because tokenizer.chat_template is not set and no template argument was passed! For information about writing templates and setting the tokenizer.chat_template attribute, please see the documentation at https://huggingface.co/docs/transformers/main/en/chat_templating"
Eli Lilly & Co. (LLY) Has Broken Out To A New High On AstraZeneca Collaboration,positive,"[Error] Cannot use chat template functions because tokenizer.chat_template is not set and no template argument was passed! For information about writing templates and setting the tokenizer.chat_template attribute, please see the documentation at https://huggingface.co/docs/transformers/main/en/chat_templating"
UPDATE 1-Meggitt reiterates annual outlook after tough 2014,neutral,"[Error] Cannot use chat template functions because tokenizer.chat_template is not set and no template argument was passed! For information about writing templates and setting the tokenizer.chat_template attribute, please see the documentation at https://huggingface.co/docs/transformers/main/en/chat_templating"
"So as of today's close (8/15/14), I'm long $TSLA $AMTD $TWTR $FB $AAPL $CELG - all on a longer-term, technical swing long basis.",positive,"[Error] Cannot use chat template functions because tokenizer.chat_template is not set and no template argument was passed! For information about writing templates and setting the tokenizer.chat_template attribute, please see the documentation at https://huggingface.co/docs/transformers/main/en/chat_templating"
"CompaniesTravis Perkins lifts dividend, earnings rise 15%",positive,"[Error] Cannot use chat template functions because tokenizer.chat_template is not set and no template argument was passed! For information about writing templates and setting the tokenizer.chat_template attribute, please see the documentation at https://huggingface.co/docs/transformers/main/en/chat_templating"
$AMZN Going thru the roof needs a sell!,positive,"[Error] Cannot use chat template functions because tokenizer.chat_template is not set and no template argument was passed! For information about writing templates and setting the tokenizer.chat_template attribute, please see the documentation at https://huggingface.co/docs/transformers/main/en/chat_templating"
"Are ARM Holdings plc, Domino's Pizza Group plc and ASOS plc 3 must-have growth stocks?",neutral,"[Error] Cannot use chat template functions because tokenizer.chat_template is not set and no template argument was passed! For information about writing templates and setting the tokenizer.chat_template attribute, please see the documentation at https://huggingface.co/docs/transformers/main/en/chat_templating"
@ACInvestorBlog: $SPY eod run :),positive,"[Error] Cannot use chat template functions because tokenizer.chat_template is not set and no template argument was passed! For information about writing templates and setting the tokenizer.chat_template attribute, please see the documentation at https://huggingface.co/docs/transformers/main/en/chat_templating"
AstraZeneca share price: Acerta deal pays off with orphan drug status,positive,"[Error] Cannot use chat template functions because tokenizer.chat_template is not set and no template argument was passed! For information about writing templates and setting the tokenizer.chat_template attribute, please see the documentation at https://huggingface.co/docs/transformers/main/en/chat_templating"
$TSLA recall model X https://t.co/b7izYa4BuE,negative,"[Error] Cannot use chat template functions because tokenizer.chat_template is not set and no template argument was passed! For information about writing templates and setting the tokenizer.chat_template attribute, please see the documentation at https://huggingface.co/docs/transformers/main/en/chat_templating"
"Long Position on $GOL,...Updating http://stks.co/fdmm",positive,"[Error] Cannot use chat template functions because tokenizer.chat_template is not set and no template argument was passed! For information about writing templates and setting the tokenizer.chat_template attribute, please see the documentation at https://huggingface.co/docs/transformers/main/en/chat_templating"
Johnson Matthey profit falls but dividend rises,neutral,"[Error] Cannot use chat template functions because tokenizer.chat_template is not set and no template argument was passed! For information about writing templates and setting the tokenizer.chat_template attribute, please see the documentation at https://huggingface.co/docs/transformers/main/en/chat_templating"
ITV share price jumps on report of Comcast's NBCUniversal bidding to takeover ...,positive,"[Error] Cannot use chat template functions because tokenizer.chat_template is not set and no template argument was passed! For information about writing templates and setting the tokenizer.chat_template attribute, please see the documentation at https://huggingface.co/docs/transformers/main/en/chat_templating"
"$TSLA on fire, what is that 6 up days in a row. Someone neeeeds!! in",positive,"[Error] Cannot use chat template functions because tokenizer.chat_template is not set and no template argument was passed! For information about writing templates and setting the tokenizer.chat_template attribute, please see the documentation at https://huggingface.co/docs/transformers/main/en/chat_templating"
"European stocks hover near 3-week low, Dialog and BHP slump",negative,"[Error] Cannot use chat template functions because tokenizer.chat_template is not set and no template argument was passed! For information about writing templates and setting the tokenizer.chat_template attribute, please see the documentation at https://huggingface.co/docs/transformers/main/en/chat_templating"
"Britain's FTSE outperforms Europe, Royal Mail and Tesco rise",positive,"[Error] Cannot use chat template functions because tokenizer.chat_template is not set and no template argument was passed! For information about writing templates and setting the tokenizer.chat_template attribute, please see the documentation at https://huggingface.co/docs/transformers/main/en/chat_templating"
"$SLW is down, but weekly $34 calls (-28.95%), .23 x .25 have 321 volume. Worth a chance here, jmho: http://stks.co/1Qfg",positive,"[Error] Cannot use chat template functions because tokenizer.chat_template is not set and no template argument was passed! For information about writing templates and setting the tokenizer.chat_template attribute, please see the documentation at https://huggingface.co/docs/transformers/main/en/chat_templating"
Equity indexes working on a positive engulfing for March. $SML $RUT $IWC $SMH $SOX  Small-caps / semis with a fakeout before the b/out.,positive,"[Error] Cannot use chat template functions because tokenizer.chat_template is not set and no template argument was passed! For information about writing templates and setting the tokenizer.chat_template attribute, please see the documentation at https://huggingface.co/docs/transformers/main/en/chat_templating"
$RSOL bought 3500 shares today!,positive,"[Error] Cannot use chat template functions because tokenizer.chat_template is not set and no template argument was passed! For information about writing templates and setting the tokenizer.chat_template attribute, please see the documentation at https://huggingface.co/docs/transformers/main/en/chat_templating"
"Should you buy Associated British Foods plc, Great Portland Estates plc and Dunelm Group plc following today's news?",positive,"[Error] Cannot use chat template functions because tokenizer.chat_template is not set and no template argument was passed! For information about writing templates and setting the tokenizer.chat_template attribute, please see the documentation at https://huggingface.co/docs/transformers/main/en/chat_templating"
Valeant CEO Pledges to Heed Critics After `Painful' Experience,negative,"[Error] Cannot use chat template functions because tokenizer.chat_template is not set and no template argument was passed! For information about writing templates and setting the tokenizer.chat_template attribute, please see the documentation at https://huggingface.co/docs/transformers/main/en/chat_templating"
Rolls-Royce Wins $9.2 Billion Order From Emirates Airline,positive,"[Error] Cannot use chat template functions because tokenizer.chat_template is not set and no template argument was passed! For information about writing templates and setting the tokenizer.chat_template attribute, please see the documentation at https://huggingface.co/docs/transformers/main/en/chat_templating"
Ocwen Reaches Settlement With California Regulator,positive,"[Error] Cannot use chat template functions because tokenizer.chat_template is not set and no template argument was passed! For information about writing templates and setting the tokenizer.chat_template attribute, please see the documentation at https://huggingface.co/docs/transformers/main/en/chat_templating"
The Coca-Cola Company and Coca-Cola FEMSA to Acquire AdeS Soy-Based Beverage Business From Unilever,positive,"[Error] Cannot use chat template functions because tokenizer.chat_template is not set and no template argument was passed! For information about writing templates and setting the tokenizer.chat_template attribute, please see the documentation at https://huggingface.co/docs/transformers/main/en/chat_templating"
"Ackman, in email, says supports Valeant CEO Pearson",positive,"[Error] Cannot use chat template functions because tokenizer.chat_template is not set and no template argument was passed! For information about writing templates and setting the tokenizer.chat_template attribute, please see the documentation at https://huggingface.co/docs/transformers/main/en/chat_templating"
"Goldman Sachs, Barclays, HSBC downplay Brexit threat",negative,"[Error] Cannot use chat template functions because tokenizer.chat_template is not set and no template argument was passed! For information about writing templates and setting the tokenizer.chat_template attribute, please see the documentation at https://huggingface.co/docs/transformers/main/en/chat_templating"
"Britain's FTSE falls back with Ashtead, commodities under pressure",negative,"[Error] Cannot use chat template functions because tokenizer.chat_template is not set and no template argument was passed! For information about writing templates and setting the tokenizer.chat_template attribute, please see the documentation at https://huggingface.co/docs/transformers/main/en/chat_templating"
Think $FMS will challendge 200-EMA in not distant future.   Look at yesterday's volume,positive,"[Error] Cannot use chat template functions because tokenizer.chat_template is not set and no template argument was passed! For information about writing templates and setting the tokenizer.chat_template attribute, please see the documentation at https://huggingface.co/docs/transformers/main/en/chat_templating"
$PPG Descending triangle but I am liking it for an upside break http://stks.co/o9nY,positive,"[Error] Cannot use chat template functions because tokenizer.chat_template is not set and no template argument was passed! For information about writing templates and setting the tokenizer.chat_template attribute, please see the documentation at https://huggingface.co/docs/transformers/main/en/chat_templating"
Sales boost for new Morrisons chief David Potts as Tesco turnaround stalls,negative,"[Error] Cannot use chat template functions because tokenizer.chat_template is not set and no template argument was passed! For information about writing templates and setting the tokenizer.chat_template attribute, please see the documentation at https://huggingface.co/docs/transformers/main/en/chat_templating"
#NDX component Tesla has announced it is recalling 2700 Model X SUVs. $TSLA,negative,"[Error] Cannot use chat template functions because tokenizer.chat_template is not set and no template argument was passed! For information about writing templates and setting the tokenizer.chat_template attribute, please see the documentation at https://huggingface.co/docs/transformers/main/en/chat_templating"
$NFLX I say it's time to short at this point.,negative,"[Error] Cannot use chat template functions because tokenizer.chat_template is not set and no template argument was passed! For information about writing templates and setting the tokenizer.chat_template attribute, please see the documentation at https://huggingface.co/docs/transformers/main/en/chat_templating"
Renewed AB InBev Bid for SABMiller Ups Stake in Beer Battle,positive,"[Error] Cannot use chat template functions because tokenizer.chat_template is not set and no template argument was passed! For information about writing templates and setting the tokenizer.chat_template attribute, please see the documentation at https://huggingface.co/docs/transformers/main/en/chat_templating"
$HRL ready to pop! http://stks.co/s0Ny4,positive,"[Error] Cannot use chat template functions because tokenizer.chat_template is not set and no template argument was passed! For information about writing templates and setting the tokenizer.chat_template attribute, please see the documentation at https://huggingface.co/docs/transformers/main/en/chat_templating"
$SBUX inverted head & shoulders pattern in the works. bullish.,positive,"[Error] Cannot use chat template functions because tokenizer.chat_template is not set and no template argument was passed! For information about writing templates and setting the tokenizer.chat_template attribute, please see the documentation at https://huggingface.co/docs/transformers/main/en/chat_templating"
Tesco share price jumps as Q3 sales top estimates,positive,"[Error] Cannot use chat template functions because tokenizer.chat_template is not set and no template argument was passed! For information about writing templates and setting the tokenizer.chat_template attribute, please see the documentation at https://huggingface.co/docs/transformers/main/en/chat_templating"
"Last month we added to our $GILD position and started a new one in $BWLD We see slow, steady, unspectacular growth going forward near term",positive,"[Error] Cannot use chat template functions because tokenizer.chat_template is not set and no template argument was passed! For information about writing templates and setting the tokenizer.chat_template attribute, please see the documentation at https://huggingface.co/docs/transformers/main/en/chat_templating"
Arm profits and sales up as shift away from mobile gains pace,positive,"[Error] Cannot use chat template functions because tokenizer.chat_template is not set and no template argument was passed! For information about writing templates and setting the tokenizer.chat_template attribute, please see the documentation at https://huggingface.co/docs/transformers/main/en/chat_templating"
RT @Street_Insider The Steve Jobs Effect? Apple $AAPL First Day iPhone 4S Sales Were Off the Charts http://stks.co/YYe,positive,"[Error] Cannot use chat template functions because tokenizer.chat_template is not set and no template argument was passed! For information about writing templates and setting the tokenizer.chat_template attribute, please see the documentation at https://huggingface.co/docs/transformers/main/en/chat_templating"
UPDATE: Barclays Expects Gain After Settling With Lehman Bros Trustee,positive,"[Error] Cannot use chat template functions because tokenizer.chat_template is not set and no template argument was passed! For information about writing templates and setting the tokenizer.chat_template attribute, please see the documentation at https://huggingface.co/docs/transformers/main/en/chat_templating"
$AAPL wants lower. up waves getting smaller on the 2 min,negative,"[Error] Cannot use chat template functions because tokenizer.chat_template is not set and no template argument was passed! For information about writing templates and setting the tokenizer.chat_template attribute, please see the documentation at https://huggingface.co/docs/transformers/main/en/chat_templating"
Sainsbury sells unit to LloydsPharmacy,positive,"[Error] Cannot use chat template functions because tokenizer.chat_template is not set and no template argument was passed! For information about writing templates and setting the tokenizer.chat_template attribute, please see the documentation at https://huggingface.co/docs/transformers/main/en/chat_templating"
"Are ARM Holdings plc, Domino's Pizza Group plc and ASOS plc 3 must-have growth stocks?",neutral,"[Error] Cannot use chat template functions because tokenizer.chat_template is not set and no template argument was passed! For information about writing templates and setting the tokenizer.chat_template attribute, please see the documentation at https://huggingface.co/docs/transformers/main/en/chat_templating"
Academics claim Google Android two-factor authentication is breakable. #security #authentication #hacking $goog https://t.co/nJx4mnrGLo,negative,"[Error] Cannot use chat template functions because tokenizer.chat_template is not set and no template argument was passed! For information about writing templates and setting the tokenizer.chat_template attribute, please see the documentation at https://huggingface.co/docs/transformers/main/en/chat_templating"
Diageo Sells Ryder Cup Venue Gleneagles Hotel to Ennismore Group,positive,"[Error] Cannot use chat template functions because tokenizer.chat_template is not set and no template argument was passed! For information about writing templates and setting the tokenizer.chat_template attribute, please see the documentation at https://huggingface.co/docs/transformers/main/en/chat_templating"
REFILE-Aviva Investors to move 34 bln euros in assets from AXA fund arm,negative,"[Error] Cannot use chat template functions because tokenizer.chat_template is not set and no template argument was passed! For information about writing templates and setting the tokenizer.chat_template attribute, please see the documentation at https://huggingface.co/docs/transformers/main/en/chat_templating"
$LEE http://stks.co/24kM LEE ready to exit bankruptcy. Strong volume today.,positive,"[Error] Cannot use chat template functions because tokenizer.chat_template is not set and no template argument was passed! For information about writing templates and setting the tokenizer.chat_template attribute, please see the documentation at https://huggingface.co/docs/transformers/main/en/chat_templating"
$SPY wouldn't be surprised to see a green close,positive,"[Error] Cannot use chat template functions because tokenizer.chat_template is not set and no template argument was passed! For information about writing templates and setting the tokenizer.chat_template attribute, please see the documentation at https://huggingface.co/docs/transformers/main/en/chat_templating"
"$QCOM chart: Qualcomm Short 61.8% Retracement, Trendline and Resistance. https://t.co/2WQqh35KOY",negative,"[Error] Cannot use chat template functions because tokenizer.chat_template is not set and no template argument was passed! For information about writing templates and setting the tokenizer.chat_template attribute, please see the documentation at https://huggingface.co/docs/transformers/main/en/chat_templating"
Breakingviews: IAG can pay more for Aer Lingus,positive,"[Error] Cannot use chat template functions because tokenizer.chat_template is not set and no template argument was passed! For information about writing templates and setting the tokenizer.chat_template attribute, please see the documentation at https://huggingface.co/docs/transformers/main/en/chat_templating"
UPDATE 1-Lloyds to cut 945 jobs as part of 3-year restructuring plan,negative,"[Error] Cannot use chat template functions because tokenizer.chat_template is not set and no template argument was passed! For information about writing templates and setting the tokenizer.chat_template attribute, please see the documentation at https://huggingface.co/docs/transformers/main/en/chat_templating"
$fb small long 109.25 via calls,positive,"[Error] Cannot use chat template functions because tokenizer.chat_template is not set and no template argument was passed! For information about writing templates and setting the tokenizer.chat_template attribute, please see the documentation at https://huggingface.co/docs/transformers/main/en/chat_templating"
$EA points to the two Facebook games and accuses $ZNGA of copyright infringement. http://stks.co/g3A1,negative,"[Error] Cannot use chat template functions because tokenizer.chat_template is not set and no template argument was passed! For information about writing templates and setting the tokenizer.chat_template attribute, please see the documentation at https://huggingface.co/docs/transformers/main/en/chat_templating"
Tesco PLC's Recovery Continues With A Â£250m Cash Infusion,positive,"[Error] Cannot use chat template functions because tokenizer.chat_template is not set and no template argument was passed! For information about writing templates and setting the tokenizer.chat_template attribute, please see the documentation at https://huggingface.co/docs/transformers/main/en/chat_templating"
I am not optimistic about $amzn both fundementals and charts look like poopoo this quarter.,negative,"[Error] Cannot use chat template functions because tokenizer.chat_template is not set and no template argument was passed! For information about writing templates and setting the tokenizer.chat_template attribute, please see the documentation at https://huggingface.co/docs/transformers/main/en/chat_templating"
Walter Investment Management Corp Receives a Sell from Compass Point $WAC http://stks.co/c1IvX,negative,"[Error] Cannot use chat template functions because tokenizer.chat_template is not set and no template argument was passed! For information about writing templates and setting the tokenizer.chat_template attribute, please see the documentation at https://huggingface.co/docs/transformers/main/en/chat_templating"
Ruling sets lower limit on potential fine for BP,negative,"[Error] Cannot use chat template functions because tokenizer.chat_template is not set and no template argument was passed! For information about writing templates and setting the tokenizer.chat_template attribute, please see the documentation at https://huggingface.co/docs/transformers/main/en/chat_templating"
London Stock Exchange seals Â£22 billion merger with Germany's Deutsche BÃ¶rse,positive,"[Error] Cannot use chat template functions because tokenizer.chat_template is not set and no template argument was passed! For information about writing templates and setting the tokenizer.chat_template attribute, please see the documentation at https://huggingface.co/docs/transformers/main/en/chat_templating"
CompaniesFresnillo shares jump 8% as silver price breaks $21,positive,"[Error] Cannot use chat template functions because tokenizer.chat_template is not set and no template argument was passed! For information about writing templates and setting the tokenizer.chat_template attribute, please see the documentation at https://huggingface.co/docs/transformers/main/en/chat_templating"
"$QCOR a little pullback is fine but if this erases all of todays gains, I cannot believe the manipulation its capable of",negative,"[Error] Cannot use chat template functions because tokenizer.chat_template is not set and no template argument was passed! For information about writing templates and setting the tokenizer.chat_template attribute, please see the documentation at https://huggingface.co/docs/transformers/main/en/chat_templating"
"$IFF technical alerts: Stochastic Sell Signal, 200 DMA Support, and 50 DMA Support  http://stks.co/p12QY",negative,"[Error] Cannot use chat template functions because tokenizer.chat_template is not set and no template argument was passed! For information about writing templates and setting the tokenizer.chat_template attribute, please see the documentation at https://huggingface.co/docs/transformers/main/en/chat_templating"
Aberdeen Asset Management Gains Foothold In China,positive,"[Error] Cannot use chat template functions because tokenizer.chat_template is not set and no template argument was passed! For information about writing templates and setting the tokenizer.chat_template attribute, please see the documentation at https://huggingface.co/docs/transformers/main/en/chat_templating"
"EU drops Shell, BP, Statoil from ethanol benchmark investigation",positive,"[Error] Cannot use chat template functions because tokenizer.chat_template is not set and no template argument was passed! For information about writing templates and setting the tokenizer.chat_template attribute, please see the documentation at https://huggingface.co/docs/transformers/main/en/chat_templating"
AstraZeneca sells Caprelsa rights to Sanofi unit,positive,"[Error] Cannot use chat template functions because tokenizer.chat_template is not set and no template argument was passed! For information about writing templates and setting the tokenizer.chat_template attribute, please see the documentation at https://huggingface.co/docs/transformers/main/en/chat_templating"
"$TSLA recalls 2,700 Model X cars. Stock dropping hard...",negative,"[Error] Cannot use chat template functions because tokenizer.chat_template is not set and no template argument was passed! For information about writing templates and setting the tokenizer.chat_template attribute, please see the documentation at https://huggingface.co/docs/transformers/main/en/chat_templating"
$KEP breaking out when the market pulls back  http://stks.co/r0cet,positive,"[Error] Cannot use chat template functions because tokenizer.chat_template is not set and no template argument was passed! For information about writing templates and setting the tokenizer.chat_template attribute, please see the documentation at https://huggingface.co/docs/transformers/main/en/chat_templating"
Micron Shares Pounded On Fears Of Loss Of Business From Apple; Stifel Defends $AAPL $MU http://stks.co/t1Z8T @Marjo,negative,"[Error] Cannot use chat template functions because tokenizer.chat_template is not set and no template argument was passed! For information about writing templates and setting the tokenizer.chat_template attribute, please see the documentation at https://huggingface.co/docs/transformers/main/en/chat_templating"
Royal Mail gets mixed bag from Ofcom postal regulation report,neutral,"[Error] Cannot use chat template functions because tokenizer.chat_template is not set and no template argument was passed! For information about writing templates and setting the tokenizer.chat_template attribute, please see the documentation at https://huggingface.co/docs/transformers/main/en/chat_templating"
Johnson Matthey share price slumps as company posts full-year results,negative,"[Error] Cannot use chat template functions because tokenizer.chat_template is not set and no template argument was passed! For information about writing templates and setting the tokenizer.chat_template attribute, please see the documentation at https://huggingface.co/docs/transformers/main/en/chat_templating"
"FTSE rallies off three-month low, boosted by StanChart, Sainsbury",positive,"[Error] Cannot use chat template functions because tokenizer.chat_template is not set and no template argument was passed! For information about writing templates and setting the tokenizer.chat_template attribute, please see the documentation at https://huggingface.co/docs/transformers/main/en/chat_templating"
"$CTRP just broke resistance, watching for a #redtogreen #breakout right out of the gate tomorrow morning. #stocks https://t.co/8VXFUUIt04",positive,"[Error] Cannot use chat template functions because tokenizer.chat_template is not set and no template argument was passed! For information about writing templates and setting the tokenizer.chat_template attribute, please see the documentation at https://huggingface.co/docs/transformers/main/en/chat_templating"
Why $MCD looks set to fall further. http://stks.co/f2fgj,negative,"[Error] Cannot use chat template functions because tokenizer.chat_template is not set and no template argument was passed! For information about writing templates and setting the tokenizer.chat_template attribute, please see the documentation at https://huggingface.co/docs/transformers/main/en/chat_templating"
$CERN - consolidating above 50 & 200 MA - nice long entry here w stop below 10 MA - targeting $70 area,positive,"[Error] Cannot use chat template functions because tokenizer.chat_template is not set and no template argument was passed! For information about writing templates and setting the tokenizer.chat_template attribute, please see the documentation at https://huggingface.co/docs/transformers/main/en/chat_templating"
"$ZSL looking very weak, could be a good short setup.",negative,"[Error] Cannot use chat template functions because tokenizer.chat_template is not set and no template argument was passed! For information about writing templates and setting the tokenizer.chat_template attribute, please see the documentation at https://huggingface.co/docs/transformers/main/en/chat_templating"
Diageo sales disappoint as currency and comparatives leave bitter taste,negative,"[Error] Cannot use chat template functions because tokenizer.chat_template is not set and no template argument was passed! For information about writing templates and setting the tokenizer.chat_template attribute, please see the documentation at https://huggingface.co/docs/transformers/main/en/chat_templating"
"@CGrantWSJ I think this $TSLA bubble might go on for some time. So long as ppl love the cars, they might keep getting funding.",positive,"[Error] Cannot use chat template functions because tokenizer.chat_template is not set and no template argument was passed! For information about writing templates and setting the tokenizer.chat_template attribute, please see the documentation at https://huggingface.co/docs/transformers/main/en/chat_templating"
"FTSE 100 falls as China devaluation hits Burberry, mining stocks",negative,"[Error] Cannot use chat template functions because tokenizer.chat_template is not set and no template argument was passed! For information about writing templates and setting the tokenizer.chat_template attribute, please see the documentation at https://huggingface.co/docs/transformers/main/en/chat_templating"
$FB gone green on day,positive,"[Error] Cannot use chat template functions because tokenizer.chat_template is not set and no template argument was passed! For information about writing templates and setting the tokenizer.chat_template attribute, please see the documentation at https://huggingface.co/docs/transformers/main/en/chat_templating"
$AMRN It's accumulating. I think buy now or hold your peace. This should go up today/tomorrow.,positive,"[Error] Cannot use chat template functions because tokenizer.chat_template is not set and no template argument was passed! For information about writing templates and setting the tokenizer.chat_template attribute, please see the documentation at https://huggingface.co/docs/transformers/main/en/chat_templating"
$ilmn piper Jeffries raises pt.  I remain long,positive,"[Error] Cannot use chat template functions because tokenizer.chat_template is not set and no template argument was passed! For information about writing templates and setting the tokenizer.chat_template attribute, please see the documentation at https://huggingface.co/docs/transformers/main/en/chat_templating"
"Daily Mail owner considering Yahoo bid $yhoo ,up 2,05% https://t.co/extZr1riyP",positive,"[Error] Cannot use chat template functions because tokenizer.chat_template is not set and no template argument was passed! For information about writing templates and setting the tokenizer.chat_template attribute, please see the documentation at https://huggingface.co/docs/transformers/main/en/chat_templating"
AB InBev attacks SABMiller bid rebuffal,negative,"[Error] Cannot use chat template functions because tokenizer.chat_template is not set and no template argument was passed! For information about writing templates and setting the tokenizer.chat_template attribute, please see the documentation at https://huggingface.co/docs/transformers/main/en/chat_templating"
Sainsbury sales slip again as price pressures take a toll,negative,"[Error] Cannot use chat template functions because tokenizer.chat_template is not set and no template argument was passed! For information about writing templates and setting the tokenizer.chat_template attribute, please see the documentation at https://huggingface.co/docs/transformers/main/en/chat_templating"
UPDATE 1-EU regulator backs approval for GSK injectable asthma drug,positive,"[Error] Cannot use chat template functions because tokenizer.chat_template is not set and no template argument was passed! For information about writing templates and setting the tokenizer.chat_template attribute, please see the documentation at https://huggingface.co/docs/transformers/main/en/chat_templating"
Sainsbury CFO Rogers to Replace Home Retail CEO Walden,neutral,"[Error] Cannot use chat template functions because tokenizer.chat_template is not set and no template argument was passed! For information about writing templates and setting the tokenizer.chat_template attribute, please see the documentation at https://huggingface.co/docs/transformers/main/en/chat_templating"
Looks like its booking a one way ticket to its 40 week MA near 50. Losing 10 week here $LULU http://chart.ly/7xb9h9b,neutral,"[Error] Cannot use chat template functions because tokenizer.chat_template is not set and no template argument was passed! For information about writing templates and setting the tokenizer.chat_template attribute, please see the documentation at https://huggingface.co/docs/transformers/main/en/chat_templating"
AstraZeneca wins FDA approval for key new lung cancer pill,positive,"[Error] Cannot use chat template functions because tokenizer.chat_template is not set and no template argument was passed! For information about writing templates and setting the tokenizer.chat_template attribute, please see the documentation at https://huggingface.co/docs/transformers/main/en/chat_templating"
@pierrules: $SIRI LONG!!,positive,"[Error] Cannot use chat template functions because tokenizer.chat_template is not set and no template argument was passed! For information about writing templates and setting the tokenizer.chat_template attribute, please see the documentation at https://huggingface.co/docs/transformers/main/en/chat_templating"
Why I'd Buy ARM Holdings plc And BHP Billiton plc Today,positive,"[Error] Cannot use chat template functions because tokenizer.chat_template is not set and no template argument was passed! For information about writing templates and setting the tokenizer.chat_template attribute, please see the documentation at https://huggingface.co/docs/transformers/main/en/chat_templating"
$AVGO great growth stk &  also raised dividend . clearly a great investment http://stks.co/r2F3h,positive,"[Error] Cannot use chat template functions because tokenizer.chat_template is not set and no template argument was passed! For information about writing templates and setting the tokenizer.chat_template attribute, please see the documentation at https://huggingface.co/docs/transformers/main/en/chat_templating"
Shire share price under pressure after $32bn Baxalta deal,negative,"[Error] Cannot use chat template functions because tokenizer.chat_template is not set and no template argument was passed! For information about writing templates and setting the tokenizer.chat_template attribute, please see the documentation at https://huggingface.co/docs/transformers/main/en/chat_templating"
Daily Mail parent company in talks with potential partners about joint bid for Yahoo's internet assets: https://t.co/mK7MEMtADT $YHOO,positive,"[Error] Cannot use chat template functions because tokenizer.chat_template is not set and no template argument was passed! For information about writing templates and setting the tokenizer.chat_template attribute, please see the documentation at https://huggingface.co/docs/transformers/main/en/chat_templating"
easyJet expects resilient demand to withstand security fears,positive,"[Error] Cannot use chat template functions because tokenizer.chat_template is not set and no template argument was passed! For information about writing templates and setting the tokenizer.chat_template attribute, please see the documentation at https://huggingface.co/docs/transformers/main/en/chat_templating"
"Britain's FTSE bounces back, Mondi and Barratt lead",positive,"[Error] Cannot use chat template functions because tokenizer.chat_template is not set and no template argument was passed! For information about writing templates and setting the tokenizer.chat_template attribute, please see the documentation at https://huggingface.co/docs/transformers/main/en/chat_templating"
Coke dividend - 3%. Google dividend - 0%. For passive income Coke takes it. $GOOG $KO https://t.co/QBsoWjxOST,neutral,"[Error] Cannot use chat template functions because tokenizer.chat_template is not set and no template argument was passed! For information about writing templates and setting the tokenizer.chat_template attribute, please see the documentation at https://huggingface.co/docs/transformers/main/en/chat_templating"
"METALS-Zinc surges 12 pct after Glencore cuts output, fuelling metals rally",positive,"[Error] Cannot use chat template functions because tokenizer.chat_template is not set and no template argument was passed! For information about writing templates and setting the tokenizer.chat_template attribute, please see the documentation at https://huggingface.co/docs/transformers/main/en/chat_templating"
"$YOKU high volume blast off Friday, goes higher  http://stks.co/qSaL",positive,"[Error] Cannot use chat template functions because tokenizer.chat_template is not set and no template argument was passed! For information about writing templates and setting the tokenizer.chat_template attribute, please see the documentation at https://huggingface.co/docs/transformers/main/en/chat_templating"
Tesco leads FTSE higher on Clubcard bid reports,positive,"[Error] Cannot use chat template functions because tokenizer.chat_template is not set and no template argument was passed! For information about writing templates and setting the tokenizer.chat_template attribute, please see the documentation at https://huggingface.co/docs/transformers/main/en/chat_templating"
$tsla bad day to short,positive,"[Error] Cannot use chat template functions because tokenizer.chat_template is not set and no template argument was passed! For information about writing templates and setting the tokenizer.chat_template attribute, please see the documentation at https://huggingface.co/docs/transformers/main/en/chat_templating"
British American Tobacco first-half sales hurt by currency moves,negative,"[Error] Cannot use chat template functions because tokenizer.chat_template is not set and no template argument was passed! For information about writing templates and setting the tokenizer.chat_template attribute, please see the documentation at https://huggingface.co/docs/transformers/main/en/chat_templating"
$XLI Potential intermediate top in an Uptrend on a 60'-15'-4' charts http://stks.co/j1TdF,positive,"[Error] Cannot use chat template functions because tokenizer.chat_template is not set and no template argument was passed! For information about writing templates and setting the tokenizer.chat_template attribute, please see the documentation at https://huggingface.co/docs/transformers/main/en/chat_templating"
"that was quick, out $FIO 21.35, market tanking, scaling down longs now",negative,"[Error] Cannot use chat template functions because tokenizer.chat_template is not set and no template argument was passed! For information about writing templates and setting the tokenizer.chat_template attribute, please see the documentation at https://huggingface.co/docs/transformers/main/en/chat_templating"
News FeedFTSE 100 movers: LSE surges as ICE says mulling offer; Ashtead and Barclays tank,positive,"[Error] Cannot use chat template functions because tokenizer.chat_template is not set and no template argument was passed! For information about writing templates and setting the tokenizer.chat_template attribute, please see the documentation at https://huggingface.co/docs/transformers/main/en/chat_templating"
Warren Buffett defends Berkshire Hathaway's conglomerate structure,positive,"[Error] Cannot use chat template functions because tokenizer.chat_template is not set and no template argument was passed! For information about writing templates and setting the tokenizer.chat_template attribute, please see the documentation at https://huggingface.co/docs/transformers/main/en/chat_templating"
London Stock Exchange â€“ Deutsche Boerse merger under threat from Brexit,negative,"[Error] Cannot use chat template functions because tokenizer.chat_template is not set and no template argument was passed! For information about writing templates and setting the tokenizer.chat_template attribute, please see the documentation at https://huggingface.co/docs/transformers/main/en/chat_templating"
$ENDP Was looking for a long entry but today's price action wasn't appealing,neutral,"[Error] Cannot use chat template functions because tokenizer.chat_template is not set and no template argument was passed! For information about writing templates and setting the tokenizer.chat_template attribute, please see the documentation at https://huggingface.co/docs/transformers/main/en/chat_templating"
$TWTR The best scenario going forward is this stock slowly falling everyday....Which is quite probable...,negative,"[Error] Cannot use chat template functions because tokenizer.chat_template is not set and no template argument was passed! For information about writing templates and setting the tokenizer.chat_template attribute, please see the documentation at https://huggingface.co/docs/transformers/main/en/chat_templating"
$ATHN Seems like a good short setup. Stop above the 50 day. No position.,negative,"[Error] Cannot use chat template functions because tokenizer.chat_template is not set and no template argument was passed! For information about writing templates and setting the tokenizer.chat_template attribute, please see the documentation at https://huggingface.co/docs/transformers/main/en/chat_templating"
Friends Life lifts profits 38% and hikes divi ahead of proposed Aviva takeover,positive,"[Error] Cannot use chat template functions because tokenizer.chat_template is not set and no template argument was passed! For information about writing templates and setting the tokenizer.chat_template attribute, please see the documentation at https://huggingface.co/docs/transformers/main/en/chat_templating"
long $AAPL 107 calls @ .40,positive,"[Error] Cannot use chat template functions because tokenizer.chat_template is not set and no template argument was passed! For information about writing templates and setting the tokenizer.chat_template attribute, please see the documentation at https://huggingface.co/docs/transformers/main/en/chat_templating"
CompaniesHome Retail trims gains but is considered 'in play',positive,"[Error] Cannot use chat template functions because tokenizer.chat_template is not set and no template argument was passed! For information about writing templates and setting the tokenizer.chat_template attribute, please see the documentation at https://huggingface.co/docs/transformers/main/en/chat_templating"
Locked in some $FB puts for nice gain,negative,"[Error] Cannot use chat template functions because tokenizer.chat_template is not set and no template argument was passed! For information about writing templates and setting the tokenizer.chat_template attribute, please see the documentation at https://huggingface.co/docs/transformers/main/en/chat_templating"
$AAPL AUG 645 calls +550% .67c: http://stks.co/i9T3,positive,"[Error] Cannot use chat template functions because tokenizer.chat_template is not set and no template argument was passed! For information about writing templates and setting the tokenizer.chat_template attribute, please see the documentation at https://huggingface.co/docs/transformers/main/en/chat_templating"
AstraZeneca sells US drug rights to Perrigo for $380 mln,positive,"[Error] Cannot use chat template functions because tokenizer.chat_template is not set and no template argument was passed! For information about writing templates and setting the tokenizer.chat_template attribute, please see the documentation at https://huggingface.co/docs/transformers/main/en/chat_templating"
$LULU #Outlook #Q1 2013 #lost revenue in the range of $12 million to $17 million -not good,negative,"[Error] Cannot use chat template functions because tokenizer.chat_template is not set and no template argument was passed! For information about writing templates and setting the tokenizer.chat_template attribute, please see the documentation at https://huggingface.co/docs/transformers/main/en/chat_templating"
Tesco closes in on new chairman with Dixons Carphone's John Allan in the frame,positive,"[Error] Cannot use chat template functions because tokenizer.chat_template is not set and no template argument was passed! For information about writing templates and setting the tokenizer.chat_template attribute, please see the documentation at https://huggingface.co/docs/transformers/main/en/chat_templating"
RT @alphatrends VMarkets Are Still Acting Weak http://stks.co/1agn  $SPY $QQQ $XLF $SMH $IWM,negative,"[Error] Cannot use chat template functions because tokenizer.chat_template is not set and no template argument was passed! For information about writing templates and setting the tokenizer.chat_template attribute, please see the documentation at https://huggingface.co/docs/transformers/main/en/chat_templating"
$CSX another strong rail today after breaking intraday resistance at 1$9.80 https://t.co/eA4FBVuqGP,positive,"[Error] Cannot use chat template functions because tokenizer.chat_template is not set and no template argument was passed! For information about writing templates and setting the tokenizer.chat_template attribute, please see the documentation at https://huggingface.co/docs/transformers/main/en/chat_templating"
$COH Gaining Momentum! Nice buy signals here! Long Over $35.92 http://stks.co/t0tAh,positive,"[Error] Cannot use chat template functions because tokenizer.chat_template is not set and no template argument was passed! For information about writing templates and setting the tokenizer.chat_template attribute, please see the documentation at https://huggingface.co/docs/transformers/main/en/chat_templating"
"BHP Billiton posts big loss, slashes dividend",negative,"[Error] Cannot use chat template functions because tokenizer.chat_template is not set and no template argument was passed! For information about writing templates and setting the tokenizer.chat_template attribute, please see the documentation at https://huggingface.co/docs/transformers/main/en/chat_templating"
AstraZeneca chases Acerta to secure next cancer drug winner,positive,"[Error] Cannot use chat template functions because tokenizer.chat_template is not set and no template argument was passed! For information about writing templates and setting the tokenizer.chat_template attribute, please see the documentation at https://huggingface.co/docs/transformers/main/en/chat_templating"
End Of Day Scan: Stochastic Overbought $JDST $FREE $BLRX $LPG $AFSI $DVAX $HDGE $AHT $ALR $ASMB  www.dailystockplays.com,negative,"[Error] Cannot use chat template functions because tokenizer.chat_template is not set and no template argument was passed! For information about writing templates and setting the tokenizer.chat_template attribute, please see the documentation at https://huggingface.co/docs/transformers/main/en/chat_templating"
Auto Trader share price surges as company floats on LSE,positive,"[Error] Cannot use chat template functions because tokenizer.chat_template is not set and no template argument was passed! For information about writing templates and setting the tokenizer.chat_template attribute, please see the documentation at https://huggingface.co/docs/transformers/main/en/chat_templating"
Baird Upgrades Tesla Motors $TSLA to Outperform https://t.co/1FA6aTOqlw,positive,"[Error] Cannot use chat template functions because tokenizer.chat_template is not set and no template argument was passed! For information about writing templates and setting the tokenizer.chat_template attribute, please see the documentation at https://huggingface.co/docs/transformers/main/en/chat_templating"
EUR/USD Finding Support Near 1.10 Level $ERO $UUP $UDN $FXE  http://stks.co/b29eU,positive,"[Error] Cannot use chat template functions because tokenizer.chat_template is not set and no template argument was passed! For information about writing templates and setting the tokenizer.chat_template attribute, please see the documentation at https://huggingface.co/docs/transformers/main/en/chat_templating"
"Hammerson, JV Partner secure ownership of Ireland's Dundrum - Quick Facts",positive,"[Error] Cannot use chat template functions because tokenizer.chat_template is not set and no template argument was passed! For information about writing templates and setting the tokenizer.chat_template attribute, please see the documentation at https://huggingface.co/docs/transformers/main/en/chat_templating"
Teva: FDA Approves Generic Version of AstraZeneca Heartburn Drug,positive,"[Error] Cannot use chat template functions because tokenizer.chat_template is not set and no template argument was passed! For information about writing templates and setting the tokenizer.chat_template attribute, please see the documentation at https://huggingface.co/docs/transformers/main/en/chat_templating"
InterContinental Hotels first-quarter global room revenue lags estimates,negative,"[Error] Cannot use chat template functions because tokenizer.chat_template is not set and no template argument was passed! For information about writing templates and setting the tokenizer.chat_template attribute, please see the documentation at https://huggingface.co/docs/transformers/main/en/chat_templating"
MarketsBP promotes upstream boss to deputy CEO,neutral,"[Error] Cannot use chat template functions because tokenizer.chat_template is not set and no template argument was passed! For information about writing templates and setting the tokenizer.chat_template attribute, please see the documentation at https://huggingface.co/docs/transformers/main/en/chat_templating"
Randgold profit hit by poor gold price but dividend still increases,neutral,"[Error] Cannot use chat template functions because tokenizer.chat_template is not set and no template argument was passed! For information about writing templates and setting the tokenizer.chat_template attribute, please see the documentation at https://huggingface.co/docs/transformers/main/en/chat_templating"
$BBRY Sierra. Has a great cash balance and impressive growth rate.Would be a wonderful marriage!,positive,"[Error] Cannot use chat template functions because tokenizer.chat_template is not set and no template argument was passed! For information about writing templates and setting the tokenizer.chat_template attribute, please see the documentation at https://huggingface.co/docs/transformers/main/en/chat_templating"
$DUG weekly stochastics finally starting to turn up after long consolidation. Buying here.,positive,"[Error] Cannot use chat template functions because tokenizer.chat_template is not set and no template argument was passed! For information about writing templates and setting the tokenizer.chat_template attribute, please see the documentation at https://huggingface.co/docs/transformers/main/en/chat_templating"
$ZAGG getting ready...Target $15 plus on a close over $13.50 on better than avg daily Volume http://chart.ly/lha44tn,positive,"[Error] Cannot use chat template functions because tokenizer.chat_template is not set and no template argument was passed! For information about writing templates and setting the tokenizer.chat_template attribute, please see the documentation at https://huggingface.co/docs/transformers/main/en/chat_templating"
Mylan Appoints Ranjan Ray Chaudhuri as Global Commercial Lead for Mylan's Over ...,neutral,"[Error] Cannot use chat template functions because tokenizer.chat_template is not set and no template argument was passed! For information about writing templates and setting the tokenizer.chat_template attribute, please see the documentation at https://huggingface.co/docs/transformers/main/en/chat_templating"
$vxx starting to creep up while $spy sits near hod ...,positive,"[Error] Cannot use chat template functions because tokenizer.chat_template is not set and no template argument was passed! For information about writing templates and setting the tokenizer.chat_template attribute, please see the documentation at https://huggingface.co/docs/transformers/main/en/chat_templating"
SABMiller buys Meantime to quench thirst for craft beer,positive,"[Error] Cannot use chat template functions because tokenizer.chat_template is not set and no template argument was passed! For information about writing templates and setting the tokenizer.chat_template attribute, please see the documentation at https://huggingface.co/docs/transformers/main/en/chat_templating"
UPDATE 5-SABMiller rejects AB InBev's $104 bln takeover approach,positive,"[Error] Cannot use chat template functions because tokenizer.chat_template is not set and no template argument was passed! For information about writing templates and setting the tokenizer.chat_template attribute, please see the documentation at https://huggingface.co/docs/transformers/main/en/chat_templating"
Merged LSE and Deutsche BÃ¶rse would be led by Germany's Kengeter,positive,"[Error] Cannot use chat template functions because tokenizer.chat_template is not set and no template argument was passed! For information about writing templates and setting the tokenizer.chat_template attribute, please see the documentation at https://huggingface.co/docs/transformers/main/en/chat_templating"
"Kraft, Cadbury's and Britvic in Total Recall: how pulling a product affects profit",negative,"[Error] Cannot use chat template functions because tokenizer.chat_template is not set and no template argument was passed! For information about writing templates and setting the tokenizer.chat_template attribute, please see the documentation at https://huggingface.co/docs/transformers/main/en/chat_templating"
Shell offers 50 percent premium to buy BG for $70 billion,positive,"[Error] Cannot use chat template functions because tokenizer.chat_template is not set and no template argument was passed! For information about writing templates and setting the tokenizer.chat_template attribute, please see the documentation at https://huggingface.co/docs/transformers/main/en/chat_templating"
Miners Meltdown as BHP to Rio Tinto Sink in Commodities Rout,negative,"[Error] Cannot use chat template functions because tokenizer.chat_template is not set and no template argument was passed! For information about writing templates and setting the tokenizer.chat_template attribute, please see the documentation at https://huggingface.co/docs/transformers/main/en/chat_templating"
"Loaded up on $bsx yesterday,looking good now. Still think way more upside than downside.",positive,"[Error] Cannot use chat template functions because tokenizer.chat_template is not set and no template argument was passed! For information about writing templates and setting the tokenizer.chat_template attribute, please see the documentation at https://huggingface.co/docs/transformers/main/en/chat_templating"
AstraZeneca's MedImmune Inks Licensing Deal With Omnis Pharmaceuticals,positive,"[Error] Cannot use chat template functions because tokenizer.chat_template is not set and no template argument was passed! For information about writing templates and setting the tokenizer.chat_template attribute, please see the documentation at https://huggingface.co/docs/transformers/main/en/chat_templating"
"@IfHeDiesHeDies: @Bullhorn334: $ZNGA shorts are getting nervous""""",positive,"[Error] Cannot use chat template functions because tokenizer.chat_template is not set and no template argument was passed! For information about writing templates and setting the tokenizer.chat_template attribute, please see the documentation at https://huggingface.co/docs/transformers/main/en/chat_templating"
$BBRY lets see 14+ today,positive,"[Error] Cannot use chat template functions because tokenizer.chat_template is not set and no template argument was passed! For information about writing templates and setting the tokenizer.chat_template attribute, please see the documentation at https://huggingface.co/docs/transformers/main/en/chat_templating"
bot $AMZN 600 weekly calls here @ 5.93,positive,"[Error] Cannot use chat template functions because tokenizer.chat_template is not set and no template argument was passed! For information about writing templates and setting the tokenizer.chat_template attribute, please see the documentation at https://huggingface.co/docs/transformers/main/en/chat_templating"
$aapl news is becoming very bullish again http://stks.co/tMU,positive,"[Error] Cannot use chat template functions because tokenizer.chat_template is not set and no template argument was passed! For information about writing templates and setting the tokenizer.chat_template attribute, please see the documentation at https://huggingface.co/docs/transformers/main/en/chat_templating"
Industry NewsWolseley confident in reslilience amid mixed markets,positive,"[Error] Cannot use chat template functions because tokenizer.chat_template is not set and no template argument was passed! For information about writing templates and setting the tokenizer.chat_template attribute, please see the documentation at https://huggingface.co/docs/transformers/main/en/chat_templating"
$NKE gapping up to all time highs http://stks.co/q1jAu #tradeideas http://stks.co/r1j6c,positive,"[Error] Cannot use chat template functions because tokenizer.chat_template is not set and no template argument was passed! For information about writing templates and setting the tokenizer.chat_template attribute, please see the documentation at https://huggingface.co/docs/transformers/main/en/chat_templating"
$TSLA yeah lets go down to 230s lol,negative,"[Error] Cannot use chat template functions because tokenizer.chat_template is not set and no template argument was passed! For information about writing templates and setting the tokenizer.chat_template attribute, please see the documentation at https://huggingface.co/docs/transformers/main/en/chat_templating"
$GILD 91 now support. $IBB $BIB https://t.co/GIoOf6zbKv,positive,"[Error] Cannot use chat template functions because tokenizer.chat_template is not set and no template argument was passed! For information about writing templates and setting the tokenizer.chat_template attribute, please see the documentation at https://huggingface.co/docs/transformers/main/en/chat_templating"
Tesco sells Blinkbox and broadband service to TalkTalk,positive,"[Error] Cannot use chat template functions because tokenizer.chat_template is not set and no template argument was passed! For information about writing templates and setting the tokenizer.chat_template attribute, please see the documentation at https://huggingface.co/docs/transformers/main/en/chat_templating"
"$BRK.B $SPY  All time high tomorrow? 150k on the A shares, Dec 13, 2007.",positive,"[Error] Cannot use chat template functions because tokenizer.chat_template is not set and no template argument was passed! For information about writing templates and setting the tokenizer.chat_template attribute, please see the documentation at https://huggingface.co/docs/transformers/main/en/chat_templating"
UPDATE 1-AstraZeneca boosts respiratory unit with $575 mln Takeda deal,positive,"[Error] Cannot use chat template functions because tokenizer.chat_template is not set and no template argument was passed! For information about writing templates and setting the tokenizer.chat_template attribute, please see the documentation at https://huggingface.co/docs/transformers/main/en/chat_templating"
"OCBC to Buy Barclay's Wealth Management Unit in Singapore, Hong Kong",positive,"[Error] Cannot use chat template functions because tokenizer.chat_template is not set and no template argument was passed! For information about writing templates and setting the tokenizer.chat_template attribute, please see the documentation at https://huggingface.co/docs/transformers/main/en/chat_templating"
"$amrn Full bull call spread ranging July to Jan 15. Lets see what this baby does,",positive,"[Error] Cannot use chat template functions because tokenizer.chat_template is not set and no template argument was passed! For information about writing templates and setting the tokenizer.chat_template attribute, please see the documentation at https://huggingface.co/docs/transformers/main/en/chat_templating"
UPDATE 1-BP shareholders back more disclosure on climate change risks,neutral,"[Error] Cannot use chat template functions because tokenizer.chat_template is not set and no template argument was passed! For information about writing templates and setting the tokenizer.chat_template attribute, please see the documentation at https://huggingface.co/docs/transformers/main/en/chat_templating"
Citrix Systems Inc $CTXS Position Increased by Mizuho… https://t.co/v7Lkq08Flp @ShareStockNews,positive,"[Error] Cannot use chat template functions because tokenizer.chat_template is not set and no template argument was passed! For information about writing templates and setting the tokenizer.chat_template attribute, please see the documentation at https://huggingface.co/docs/transformers/main/en/chat_templating"
$HZNP havent seen vol like this since the runup. lets see one more dip to 2.0x,negative,"[Error] Cannot use chat template functions because tokenizer.chat_template is not set and no template argument was passed! For information about writing templates and setting the tokenizer.chat_template attribute, please see the documentation at https://huggingface.co/docs/transformers/main/en/chat_templating"
Tesco Abandons Video-Streaming Ambitions in Blinkbox Sale,negative,"[Error] Cannot use chat template functions because tokenizer.chat_template is not set and no template argument was passed! For information about writing templates and setting the tokenizer.chat_template attribute, please see the documentation at https://huggingface.co/docs/transformers/main/en/chat_templating"
$aapl key is to breakout above 460 on solid volume or else it's a no trade for now,positive,"[Error] Cannot use chat template functions because tokenizer.chat_template is not set and no template argument was passed! For information about writing templates and setting the tokenizer.chat_template attribute, please see the documentation at https://huggingface.co/docs/transformers/main/en/chat_templating"
Followed the levels I shared with you on $NFLX $GOOGL $TSLA calls for nice gains. Still holding $FB 110 calls. Week made in a morning.,positive,"[Error] Cannot use chat template functions because tokenizer.chat_template is not set and no template argument was passed! For information about writing templates and setting the tokenizer.chat_template attribute, please see the documentation at https://huggingface.co/docs/transformers/main/en/chat_templating"
Horizonte acquires neighbouring Glencore nickel property in Brazil,positive,"[Error] Cannot use chat template functions because tokenizer.chat_template is not set and no template argument was passed! For information about writing templates and setting the tokenizer.chat_template attribute, please see the documentation at https://huggingface.co/docs/transformers/main/en/chat_templating"
Goodwin not to face Scottish prosecution over RBS,positive,"[Error] Cannot use chat template functions because tokenizer.chat_template is not set and no template argument was passed! For information about writing templates and setting the tokenizer.chat_template attribute, please see the documentation at https://huggingface.co/docs/transformers/main/en/chat_templating"
ITV to pursue takeover of Canada's Entertainment One: Bloomberg,positive,"[Error] Cannot use chat template functions because tokenizer.chat_template is not set and no template argument was passed! For information about writing templates and setting the tokenizer.chat_template attribute, please see the documentation at https://huggingface.co/docs/transformers/main/en/chat_templating"
"Red Daily Triangle on $SHOR,...Scaling Up on Long Position http://stks.co/r82S",positive,"[Error] Cannot use chat template functions because tokenizer.chat_template is not set and no template argument was passed! For information about writing templates and setting the tokenizer.chat_template attribute, please see the documentation at https://huggingface.co/docs/transformers/main/en/chat_templating"
Barclays share price subdued as bank faces fresh forex probe,negative,"[Error] Cannot use chat template functions because tokenizer.chat_template is not set and no template argument was passed! For information about writing templates and setting the tokenizer.chat_template attribute, please see the documentation at https://huggingface.co/docs/transformers/main/en/chat_templating"
$DNKN $KKD $DPZ $LOCO Inside week buy triggers. http://stks.co/h0vV8  http://stks.co/r0ebN,positive,"[Error] Cannot use chat template functions because tokenizer.chat_template is not set and no template argument was passed! For information about writing templates and setting the tokenizer.chat_template attribute, please see the documentation at https://huggingface.co/docs/transformers/main/en/chat_templating"
@NASDboy I think the DNF crew can get this $NFLX short into the next 30 days heading into earnings,negative,"[Error] Cannot use chat template functions because tokenizer.chat_template is not set and no template argument was passed! For information about writing templates and setting the tokenizer.chat_template attribute, please see the documentation at https://huggingface.co/docs/transformers/main/en/chat_templating"
@saltwaternurse $INO can test 10 again in next few days. time to take some profits here. or hedge with puts.,negative,"[Error] Cannot use chat template functions because tokenizer.chat_template is not set and no template argument was passed! For information about writing templates and setting the tokenizer.chat_template attribute, please see the documentation at https://huggingface.co/docs/transformers/main/en/chat_templating"
"@Binkster69 Not that. it's just ER's lol. But looking at the correlation of $ARIA and foreign price charts, they are all poised to breakout.",positive,"[Error] Cannot use chat template functions because tokenizer.chat_template is not set and no template argument was passed! For information about writing templates and setting the tokenizer.chat_template attribute, please see the documentation at https://huggingface.co/docs/transformers/main/en/chat_templating"
"$AAPL bounces off support, it seems",positive,"[Error] Cannot use chat template functions because tokenizer.chat_template is not set and no template argument was passed! For information about writing templates and setting the tokenizer.chat_template attribute, please see the documentation at https://huggingface.co/docs/transformers/main/en/chat_templating"
Just stumbled upon this amazing chart - $OFIX - holy guac. SUPER overbought. http://stks.co/e0PX1,negative,"[Error] Cannot use chat template functions because tokenizer.chat_template is not set and no template argument was passed! For information about writing templates and setting the tokenizer.chat_template attribute, please see the documentation at https://huggingface.co/docs/transformers/main/en/chat_templating"
$OSUR up 33% since 6/25 buy signal. resistance 5.33 - expect 1. pullback 2nd half of day or 2. break abov 5.33 & continue rally for 4-5 days,positive,"[Error] Cannot use chat template functions because tokenizer.chat_template is not set and no template argument was passed! For information about writing templates and setting the tokenizer.chat_template attribute, please see the documentation at https://huggingface.co/docs/transformers/main/en/chat_templating"
Barclays PLC & Lloyds Banking Group PLC Are The 2 Banks I'd Buy Today,positive,"[Error] Cannot use chat template functions because tokenizer.chat_template is not set and no template argument was passed! For information about writing templates and setting the tokenizer.chat_template attribute, please see the documentation at https://huggingface.co/docs/transformers/main/en/chat_templating"
$NSM ascending base breakout starting to gain traction; strong stock http://stks.co/gBSH,positive,"[Error] Cannot use chat template functions because tokenizer.chat_template is not set and no template argument was passed! For information about writing templates and setting the tokenizer.chat_template attribute, please see the documentation at https://huggingface.co/docs/transformers/main/en/chat_templating"
"Philip Morris, BAT Sue Over Law Taking Branding Off Packs",negative,"[Error] Cannot use chat template functions because tokenizer.chat_template is not set and no template argument was passed! For information about writing templates and setting the tokenizer.chat_template attribute, please see the documentation at https://huggingface.co/docs/transformers/main/en/chat_templating"
@CH_Roark: $UNXL I like this Ascending Triangle on the 30-minute chart. Breakout coming Monday! http://stks.co/aT3GLooks promising.,positive,"[Error] Cannot use chat template functions because tokenizer.chat_template is not set and no template argument was passed! For information about writing templates and setting the tokenizer.chat_template attribute, please see the documentation at https://huggingface.co/docs/transformers/main/en/chat_templating"
Piper upgrades Symantec on improving renewal rates and enterprise growth $SYMC,positive,"[Error] Cannot use chat template functions because tokenizer.chat_template is not set and no template argument was passed! For information about writing templates and setting the tokenizer.chat_template attribute, please see the documentation at https://huggingface.co/docs/transformers/main/en/chat_templating"
$GEVO PLUNGING!  Back to $3.55.,negative,"[Error] Cannot use chat template functions because tokenizer.chat_template is not set and no template argument was passed! For information about writing templates and setting the tokenizer.chat_template attribute, please see the documentation at https://huggingface.co/docs/transformers/main/en/chat_templating"
$KITD Looking for a oversold bounce.,positive,"[Error] Cannot use chat template functions because tokenizer.chat_template is not set and no template argument was passed! For information about writing templates and setting the tokenizer.chat_template attribute, please see the documentation at https://huggingface.co/docs/transformers/main/en/chat_templating"
Zurich Insurance Considering Offer for UK Rival RSA Insurance,positive,"[Error] Cannot use chat template functions because tokenizer.chat_template is not set and no template argument was passed! For information about writing templates and setting the tokenizer.chat_template attribute, please see the documentation at https://huggingface.co/docs/transformers/main/en/chat_templating"
$BWLD bearish engulfing candle,negative,"[Error] Cannot use chat template functions because tokenizer.chat_template is not set and no template argument was passed! For information about writing templates and setting the tokenizer.chat_template attribute, please see the documentation at https://huggingface.co/docs/transformers/main/en/chat_templating"
"$AAPL double bottom could be in, keep in mind",positive,"[Error] Cannot use chat template functions because tokenizer.chat_template is not set and no template argument was passed! For information about writing templates and setting the tokenizer.chat_template attribute, please see the documentation at https://huggingface.co/docs/transformers/main/en/chat_templating"
Tesco sells half of stake in ecommerce site Lazada to Alibaba for Â£90m,neutral,"[Error] Cannot use chat template functions because tokenizer.chat_template is not set and no template argument was passed! For information about writing templates and setting the tokenizer.chat_template attribute, please see the documentation at https://huggingface.co/docs/transformers/main/en/chat_templating"
$YHOO A breakout above $29.83 would constitute a technical entry for the short term trader. http://stks.co/jkUF,positive,"[Error] Cannot use chat template functions because tokenizer.chat_template is not set and no template argument was passed! For information about writing templates and setting the tokenizer.chat_template attribute, please see the documentation at https://huggingface.co/docs/transformers/main/en/chat_templating"
"Isolationism? Another Sell Rating, Sell Ratings On SPY, QQQ, IWM And Several Companies https://t.co/6NKWEcrBA5 $AAPL $AXP $BAC $BLUE $FXE",negative,"[Error] Cannot use chat template functions because tokenizer.chat_template is not set and no template argument was passed! For information about writing templates and setting the tokenizer.chat_template attribute, please see the documentation at https://huggingface.co/docs/transformers/main/en/chat_templating"
"Should You Buy Jumbo Yielders British American Tobacco plc, Centrica PLC & John Wood Group PLC?",positive,"[Error] Cannot use chat template functions because tokenizer.chat_template is not set and no template argument was passed! For information about writing templates and setting the tokenizer.chat_template attribute, please see the documentation at https://huggingface.co/docs/transformers/main/en/chat_templating"
"Intuitive Surgical $ISRG is in a great financial position, take a look https://t.co/VahhJAcBFG https://t.co/24hQTQX4ou",positive,"[Error] Cannot use chat template functions because tokenizer.chat_template is not set and no template argument was passed! For information about writing templates and setting the tokenizer.chat_template attribute, please see the documentation at https://huggingface.co/docs/transformers/main/en/chat_templating"
$BIOC RSI extremely in long's favor looking at BIOC historically.,positive,"[Error] Cannot use chat template functions because tokenizer.chat_template is not set and no template argument was passed! For information about writing templates and setting the tokenizer.chat_template attribute, please see the documentation at https://huggingface.co/docs/transformers/main/en/chat_templating"
$JD down 20% in after-hour market. anyone care to explain why?,negative,"[Error] Cannot use chat template functions because tokenizer.chat_template is not set and no template argument was passed! For information about writing templates and setting the tokenizer.chat_template attribute, please see the documentation at https://huggingface.co/docs/transformers/main/en/chat_templating"
Hargreaves Lansdown bucks weak markets to see assets rise 2.6 percent,positive,"[Error] Cannot use chat template functions because tokenizer.chat_template is not set and no template argument was passed! For information about writing templates and setting the tokenizer.chat_template attribute, please see the documentation at https://huggingface.co/docs/transformers/main/en/chat_templating"
Glencore Studies Possible IPO for Agricultural Trading Business,positive,"[Error] Cannot use chat template functions because tokenizer.chat_template is not set and no template argument was passed! For information about writing templates and setting the tokenizer.chat_template attribute, please see the documentation at https://huggingface.co/docs/transformers/main/en/chat_templating"
"@HopeTurock yes, the expectations of a deal are somewhat priced in but we could see a nice pop if bids come in higher than expected... $YHOO",positive,"[Error] Cannot use chat template functions because tokenizer.chat_template is not set and no template argument was passed! For information about writing templates and setting the tokenizer.chat_template attribute, please see the documentation at https://huggingface.co/docs/transformers/main/en/chat_templating"
"@harmongreg: $BBRY wkly, Inverse Head and Shoulders forming, triggers over 18.50, PO at least 30.80, watching http://stks.co/iPVJ",positive,"[Error] Cannot use chat template functions because tokenizer.chat_template is not set and no template argument was passed! For information about writing templates and setting the tokenizer.chat_template attribute, please see the documentation at https://huggingface.co/docs/transformers/main/en/chat_templating"
Added long at friday close  $SPY $LABU $BLUE $AMZN,positive,"[Error] Cannot use chat template functions because tokenizer.chat_template is not set and no template argument was passed! For information about writing templates and setting the tokenizer.chat_template attribute, please see the documentation at https://huggingface.co/docs/transformers/main/en/chat_templating"
Barclays sells benchmark indices unit to Bloomberg,positive,"[Error] Cannot use chat template functions because tokenizer.chat_template is not set and no template argument was passed! For information about writing templates and setting the tokenizer.chat_template attribute, please see the documentation at https://huggingface.co/docs/transformers/main/en/chat_templating"
"Saudi Aramco, Shell plan to break up Motiva, divide up assets",negative,"[Error] Cannot use chat template functions because tokenizer.chat_template is not set and no template argument was passed! For information about writing templates and setting the tokenizer.chat_template attribute, please see the documentation at https://huggingface.co/docs/transformers/main/en/chat_templating"
Whitbread boss Andy Harrison defends sales fall as 'just a blip',neutral,"[Error] Cannot use chat template functions because tokenizer.chat_template is not set and no template argument was passed! For information about writing templates and setting the tokenizer.chat_template attribute, please see the documentation at https://huggingface.co/docs/transformers/main/en/chat_templating"
Supermarket Stocks Rally as Tesco Plans to Axe Non-core UK Assets $TSCO https://t.co/BmvhcrwREA,positive,"[Error] Cannot use chat template functions because tokenizer.chat_template is not set and no template argument was passed! For information about writing templates and setting the tokenizer.chat_template attribute, please see the documentation at https://huggingface.co/docs/transformers/main/en/chat_templating"
#LongPos $TSLA 256 Break-out thru 50 & 200- DMA (197-230) upper head res (274-279) Short squeeze in progress Nr term obj: 310 Stop loss:239,positive,"[Error] Cannot use chat template functions because tokenizer.chat_template is not set and no template argument was passed! For information about writing templates and setting the tokenizer.chat_template attribute, please see the documentation at https://huggingface.co/docs/transformers/main/en/chat_templating"
Amazon to attack UK grocery market with Morrisons deal,positive,"[Error] Cannot use chat template functions because tokenizer.chat_template is not set and no template argument was passed! For information about writing templates and setting the tokenizer.chat_template attribute, please see the documentation at https://huggingface.co/docs/transformers/main/en/chat_templating"
#FusionIQ NEW Positive Timing Signal on $SBUX Today https://t.co/9ImlXz4YNa Please Retweet #Signals,positive,"[Error] Cannot use chat template functions because tokenizer.chat_template is not set and no template argument was passed! For information about writing templates and setting the tokenizer.chat_template attribute, please see the documentation at https://huggingface.co/docs/transformers/main/en/chat_templating"
$WFT closng higher from here,positive,"[Error] Cannot use chat template functions because tokenizer.chat_template is not set and no template argument was passed! For information about writing templates and setting the tokenizer.chat_template attribute, please see the documentation at https://huggingface.co/docs/transformers/main/en/chat_templating"
$FIO won't stay down,positive,"[Error] Cannot use chat template functions because tokenizer.chat_template is not set and no template argument was passed! For information about writing templates and setting the tokenizer.chat_template attribute, please see the documentation at https://huggingface.co/docs/transformers/main/en/chat_templating"
$BOBE down $2.84  premarket,negative,"[Error] Cannot use chat template functions because tokenizer.chat_template is not set and no template argument was passed! For information about writing templates and setting the tokenizer.chat_template attribute, please see the documentation at https://huggingface.co/docs/transformers/main/en/chat_templating"
"Ingenious, HSBC, UBS and Coutts sued by 'tax avoidance' clients",negative,"[Error] Cannot use chat template functions because tokenizer.chat_template is not set and no template argument was passed! For information about writing templates and setting the tokenizer.chat_template attribute, please see the documentation at https://huggingface.co/docs/transformers/main/en/chat_templating"
"$VRTX Vertex. Monthly -lower hi/lower lo,  Long term uptrend intract so far",positive,"[Error] Cannot use chat template functions because tokenizer.chat_template is not set and no template argument was passed! For information about writing templates and setting the tokenizer.chat_template attribute, please see the documentation at https://huggingface.co/docs/transformers/main/en/chat_templating"
"EU drops Shell, BP, Statoil from ethanol benchmark investigation",positive,"[Error] Cannot use chat template functions because tokenizer.chat_template is not set and no template argument was passed! For information about writing templates and setting the tokenizer.chat_template attribute, please see the documentation at https://huggingface.co/docs/transformers/main/en/chat_templating"
Analysts impressed with progress at Tesla's flagship factory; co spent $1.6B on upgrades in '15 https://t.co/SABxCSn8cd by @tsrandall $TSLA,positive,"[Error] Cannot use chat template functions because tokenizer.chat_template is not set and no template argument was passed! For information about writing templates and setting the tokenizer.chat_template attribute, please see the documentation at https://huggingface.co/docs/transformers/main/en/chat_templating"
RSA Insurance Hires Towergate's Egan as Chief Financial Officer,neutral,"[Error] Cannot use chat template functions because tokenizer.chat_template is not set and no template argument was passed! For information about writing templates and setting the tokenizer.chat_template attribute, please see the documentation at https://huggingface.co/docs/transformers/main/en/chat_templating"
REFILE-UPDATE 4-Britain's Lloyds to pay first dividend since rescue,positive,"[Error] Cannot use chat template functions because tokenizer.chat_template is not set and no template argument was passed! For information about writing templates and setting the tokenizer.chat_template attribute, please see the documentation at https://huggingface.co/docs/transformers/main/en/chat_templating"
ARM Holdings plc Partners With International Business Machines Corp. To Drive ...,positive,"[Error] Cannot use chat template functions because tokenizer.chat_template is not set and no template argument was passed! For information about writing templates and setting the tokenizer.chat_template attribute, please see the documentation at https://huggingface.co/docs/transformers/main/en/chat_templating"
"UPDATE 1-BHP Billiton's credit ratings fragile in FY16, agencies warn",negative,"[Error] Cannot use chat template functions because tokenizer.chat_template is not set and no template argument was passed! For information about writing templates and setting the tokenizer.chat_template attribute, please see the documentation at https://huggingface.co/docs/transformers/main/en/chat_templating"
Windows 10 is awful why did it force an upgrade on my pc without my consent? #windows #Microsoft $msft,negative,"[Error] Cannot use chat template functions because tokenizer.chat_template is not set and no template argument was passed! For information about writing templates and setting the tokenizer.chat_template attribute, please see the documentation at https://huggingface.co/docs/transformers/main/en/chat_templating"
Morrisons book second consecutive quarter of sales growth,positive,"[Error] Cannot use chat template functions because tokenizer.chat_template is not set and no template argument was passed! For information about writing templates and setting the tokenizer.chat_template attribute, please see the documentation at https://huggingface.co/docs/transformers/main/en/chat_templating"
Adobe Receives New Rating from Top Analyst $ADBE https://t.co/LJNXPEvHZN,positive,"[Error] Cannot use chat template functions because tokenizer.chat_template is not set and no template argument was passed! For information about writing templates and setting the tokenizer.chat_template attribute, please see the documentation at https://huggingface.co/docs/transformers/main/en/chat_templating"
AB InBev approaches SABMiller to explore $250bn tie-up,positive,"[Error] Cannot use chat template functions because tokenizer.chat_template is not set and no template argument was passed! For information about writing templates and setting the tokenizer.chat_template attribute, please see the documentation at https://huggingface.co/docs/transformers/main/en/chat_templating"
$AWR Standard & Poor's Affirms 'A+' Credit Rating at American States Water Company and Golden State Water Company http://stks.co/f2P94,positive,"[Error] Cannot use chat template functions because tokenizer.chat_template is not set and no template argument was passed! For information about writing templates and setting the tokenizer.chat_template attribute, please see the documentation at https://huggingface.co/docs/transformers/main/en/chat_templating"
RBS Pays $1.7 Billion to Scrap U.K. Treasury's Dividend Rights,neutral,"[Error] Cannot use chat template functions because tokenizer.chat_template is not set and no template argument was passed! For information about writing templates and setting the tokenizer.chat_template attribute, please see the documentation at https://huggingface.co/docs/transformers/main/en/chat_templating"
$WYNN big bounce,positive,"[Error] Cannot use chat template functions because tokenizer.chat_template is not set and no template argument was passed! For information about writing templates and setting the tokenizer.chat_template attribute, please see the documentation at https://huggingface.co/docs/transformers/main/en/chat_templating"
$GS sells flat..I am out..,negative,"[Error] Cannot use chat template functions because tokenizer.chat_template is not set and no template argument was passed! For information about writing templates and setting the tokenizer.chat_template attribute, please see the documentation at https://huggingface.co/docs/transformers/main/en/chat_templating"
"Ingenious, HSBC, UBS and Coutts sued by 'tax avoidance' clients",negative,"[Error] Cannot use chat template functions because tokenizer.chat_template is not set and no template argument was passed! For information about writing templates and setting the tokenizer.chat_template attribute, please see the documentation at https://huggingface.co/docs/transformers/main/en/chat_templating"
Amazon has been selling surveillance cameras infected with malware $AMZN #Amazon  https://t.co/TohLEQ8FK6 https://t.co/5PR4cBtVVy,negative,"[Error] Cannot use chat template functions because tokenizer.chat_template is not set and no template argument was passed! For information about writing templates and setting the tokenizer.chat_template attribute, please see the documentation at https://huggingface.co/docs/transformers/main/en/chat_templating"
$CAMT Looks like might break down. I'm out,negative,"[Error] Cannot use chat template functions because tokenizer.chat_template is not set and no template argument was passed! For information about writing templates and setting the tokenizer.chat_template attribute, please see the documentation at https://huggingface.co/docs/transformers/main/en/chat_templating"
$TSPT  long 8.00,positive,"[Error] Cannot use chat template functions because tokenizer.chat_template is not set and no template argument was passed! For information about writing templates and setting the tokenizer.chat_template attribute, please see the documentation at https://huggingface.co/docs/transformers/main/en/chat_templating"
Shire CEO steps up drive to get Baxalta board talking,positive,"[Error] Cannot use chat template functions because tokenizer.chat_template is not set and no template argument was passed! For information about writing templates and setting the tokenizer.chat_template attribute, please see the documentation at https://huggingface.co/docs/transformers/main/en/chat_templating"
NetApp downgraded by Macquarie to underperform. $22.00 PT. https://t.co/XCNgws0t4q $NTAP #NTAP via @RatingsNetwork,negative,"[Error] Cannot use chat template functions because tokenizer.chat_template is not set and no template argument was passed! For information about writing templates and setting the tokenizer.chat_template attribute, please see the documentation at https://huggingface.co/docs/transformers/main/en/chat_templating"
$RCON some upside today. This thing is severe low float. If there is catalyst for this guy. It can run.,positive,"[Error] Cannot use chat template functions because tokenizer.chat_template is not set and no template argument was passed! For information about writing templates and setting the tokenizer.chat_template attribute, please see the documentation at https://huggingface.co/docs/transformers/main/en/chat_templating"
Aviva promises higher dividends to boost flagging share price,positive,"[Error] Cannot use chat template functions because tokenizer.chat_template is not set and no template argument was passed! For information about writing templates and setting the tokenizer.chat_template attribute, please see the documentation at https://huggingface.co/docs/transformers/main/en/chat_templating"
AstraZeneca Explores Potential Deal With Acerta for Cancer Drug,positive,"[Error] Cannot use chat template functions because tokenizer.chat_template is not set and no template argument was passed! For information about writing templates and setting the tokenizer.chat_template attribute, please see the documentation at https://huggingface.co/docs/transformers/main/en/chat_templating"
Market Report: Eight-day rally ends for FTSE 100 and Standard Chartered,neutral,"[Error] Cannot use chat template functions because tokenizer.chat_template is not set and no template argument was passed! For information about writing templates and setting the tokenizer.chat_template attribute, please see the documentation at https://huggingface.co/docs/transformers/main/en/chat_templating"
$TZA is a rocket ship!!!,positive,"[Error] Cannot use chat template functions because tokenizer.chat_template is not set and no template argument was passed! For information about writing templates and setting the tokenizer.chat_template attribute, please see the documentation at https://huggingface.co/docs/transformers/main/en/chat_templating"
"Britain's FTSE steadies, supported by Dixons Carphone",positive,"[Error] Cannot use chat template functions because tokenizer.chat_template is not set and no template argument was passed! For information about writing templates and setting the tokenizer.chat_template attribute, please see the documentation at https://huggingface.co/docs/transformers/main/en/chat_templating"
$IWM relative weakness is pretty apparent but the short boat is getting full on this one. I prefer the boat closer to empty.,negative,"[Error] Cannot use chat template functions because tokenizer.chat_template is not set and no template argument was passed! For information about writing templates and setting the tokenizer.chat_template attribute, please see the documentation at https://huggingface.co/docs/transformers/main/en/chat_templating"
"$SBUX down PM, from $DB downgrade.. PT cut from 70 to $64",negative,"[Error] Cannot use chat template functions because tokenizer.chat_template is not set and no template argument was passed! For information about writing templates and setting the tokenizer.chat_template attribute, please see the documentation at https://huggingface.co/docs/transformers/main/en/chat_templating"
Shell and BG Shareholders to Vote on Deal at End of January,neutral,"[Error] Cannot use chat template functions because tokenizer.chat_template is not set and no template argument was passed! For information about writing templates and setting the tokenizer.chat_template attribute, please see the documentation at https://huggingface.co/docs/transformers/main/en/chat_templating"
$YMI http://stks.co/Xyf Long setup. Closed above the 20MA. MACD cross. November catalyst.,positive,"[Error] Cannot use chat template functions because tokenizer.chat_template is not set and no template argument was passed! For information about writing templates and setting the tokenizer.chat_template attribute, please see the documentation at https://huggingface.co/docs/transformers/main/en/chat_templating"
LinkedIn Revenue Up Nearly 50% http://stks.co/g1F4T  $LNKD,positive,"[Error] Cannot use chat template functions because tokenizer.chat_template is not set and no template argument was passed! For information about writing templates and setting the tokenizer.chat_template attribute, please see the documentation at https://huggingface.co/docs/transformers/main/en/chat_templating"
$AAPL nibbling on a small long via 525.. buying off 13min charts..,positive,"[Error] Cannot use chat template functions because tokenizer.chat_template is not set and no template argument was passed! For information about writing templates and setting the tokenizer.chat_template attribute, please see the documentation at https://huggingface.co/docs/transformers/main/en/chat_templating"
$GILD  is expanding its research facilities...keeping up with the pace of innovation  https://t.co/uOE7FJ4LOP,positive,"[Error] Cannot use chat template functions because tokenizer.chat_template is not set and no template argument was passed! For information about writing templates and setting the tokenizer.chat_template attribute, please see the documentation at https://huggingface.co/docs/transformers/main/en/chat_templating"
"L&G still paying price for dividend cut during crisis, chief says",negative,"[Error] Cannot use chat template functions because tokenizer.chat_template is not set and no template argument was passed! For information about writing templates and setting the tokenizer.chat_template attribute, please see the documentation at https://huggingface.co/docs/transformers/main/en/chat_templating"
That bearish outside day Tuesday is significant. 200 day resistance still intact. just my opinion $SDS http://chart.ly/2bey48t,negative,"[Error] Cannot use chat template functions because tokenizer.chat_template is not set and no template argument was passed! For information about writing templates and setting the tokenizer.chat_template attribute, please see the documentation at https://huggingface.co/docs/transformers/main/en/chat_templating"
"BP, Statoil, to Withdraw Staff From Algeria Following Rocket Attack",negative,"[Error] Cannot use chat template functions because tokenizer.chat_template is not set and no template argument was passed! For information about writing templates and setting the tokenizer.chat_template attribute, please see the documentation at https://huggingface.co/docs/transformers/main/en/chat_templating"
ALERT: New MACD signal created on $CTXS - Buy at 77.09 - Time: 18:23 - Strength: 10. Powered by https://t.co/4TdgjEDLLZ,positive,"[Error] Cannot use chat template functions because tokenizer.chat_template is not set and no template argument was passed! For information about writing templates and setting the tokenizer.chat_template attribute, please see the documentation at https://huggingface.co/docs/transformers/main/en/chat_templating"
$AAPL I am big OUT from this. seems its falling towards 530.. :(,negative,"[Error] Cannot use chat template functions because tokenizer.chat_template is not set and no template argument was passed! For information about writing templates and setting the tokenizer.chat_template attribute, please see the documentation at https://huggingface.co/docs/transformers/main/en/chat_templating"
"Apple expected to launch new iPhone, iPad today $AAPL https://t.co/XfnICWeBeG",positive,"[Error] Cannot use chat template functions because tokenizer.chat_template is not set and no template argument was passed! For information about writing templates and setting the tokenizer.chat_template attribute, please see the documentation at https://huggingface.co/docs/transformers/main/en/chat_templating"
$EFUT hod  posted buy pm at $4.40,positive,"[Error] Cannot use chat template functions because tokenizer.chat_template is not set and no template argument was passed! For information about writing templates and setting the tokenizer.chat_template attribute, please see the documentation at https://huggingface.co/docs/transformers/main/en/chat_templating"
